Latitude,Longitude,Vehicles Nearby,Required Chargers,Elevation,Actual_Zipcode
32.88606999999994,-117.0859819999999,8727,137.0,238.0,92131
38.274451000000006,-121.25920100000002,421,5.0,19.0,95638
36.652065,-119.906591,132,3.0,74.0,93706
34.14114600000004,-117.655583,9475,144.0,535.0,91784
34.3050358,-118.8987045,2888,37.0,242.0,93021
40.73832200000002,-124.107619,379,6.0,182.0,
35.176043,-120.476694,798,13.0,295.0,
39.68571000000003,-121.844084,673,5.0,51.0,95928
38.62298500000004,-122.88912100000006,635,4.0,32.0,95448
37.9912307,-121.7039944,4915,73.0,2.0,94561
35.393866,-119.244846,628,10.0,102.0,93314
37.6100056,-120.9940854,1767,14.0,20.0,95358
33.765401000000004,-116.33420500000004,1898,25.0,48.0,92211
33.482811,-117.22612599999998,188,3.0,410.0,92590
34.1033676,-118.2360136,24453,337.0,220.0,90065
33.0954699999999,-117.24388199999991,12176,162.0,87.0,92009
34.154039999999966,-118.593153,19805,297.0,313.0,91364
38.022366000000034,-122.555605,6697,95.0,61.0,94903
34.866894,-118.339832,184,3.0,773.0,93560
40.765478,-122.941428,18,1.0,885.0,96093
34.01195300000001,-117.15969899999996,1798,29.0,541.0,92373
38.44201100000009,-122.23831999999996,1809,29.0,507.0,94558
34.1403905,-117.9465874,7460,106.0,169.0,91010
36.37559,-119.211689,304,5.0,116.0,93235
32.7082775,-117.0726661,12287,177.0,107.0,92114
34.44089100000004,-118.50174700000002,5811,84.0,506.0,91350
37.67394399999995,-121.51722700000012,2138,34.0,324.0,
33.5282882,-117.717662,15635,209.0,170.0,92677
40.52783400000001,-122.31874899999998,320,3.0,158.0,96002
37.42456500000006,-121.74859700000007,3496,55.0,848.0,
34.283668,-119.223196,2452,15.0,121.0,93003
38.412615,-121.75622199999997,386,7.0,8.0,95620
39.13502299999996,-123.25933800000004,321,6.0,776.0,
36.91757300000003,-119.593481,1744,28.0,171.0,
38.39330000000002,-122.74504799999995,2024,15.0,28.0,95407
37.907230000000006,-120.688307,78,2.0,307.0,
34.11160499999999,-117.37740600000002,1374,8.0,395.0,92376
37.041848,-121.9853286,2770,44.0,123.0,95065
37.51690699999976,-121.91176300000002,22855,317.0,133.0,94539
37.2376501,-121.832311,18484,213.0,51.0,95123
35.662509,-120.749865,574,9.0,441.0,93446
34.19568500000002,-118.49075200000004,20184,286.0,225.0,91406
37.80891499999997,-121.31263900000002,1645,10.0,4.0,95300
37.4567615,-122.2297184,18717,271.0,16.0,94061
38.24483899999999,-122.13586100000003,1682,19.0,104.0,94534
37.5893401,-118.854191,82,2.0,3401.0,93546
39.082497,-121.680114,461,8.0,15.0,
39.34781099999999,-120.918728,334,6.0,1009.0,95959
35.16318999999999,-119.046322,664,11.0,89.0,
37.9377015,-122.0256327,7551,35.0,20.0,94518
36.6768911,-121.6123431,1383,18.0,27.0,93905
37.3607935,-122.0968991,28726,408.0,82.0,94024
38.6811234,-121.0475448,6280,84.0,315.0,95762
34.19332599999997,-118.81868400000003,7520,88.0,370.0,91362
33.51122800000002,-117.04239599999984,3945,62.0,447.0,92592
35.606509,-117.683472,212,1.0,711.0,93555
34.0827269,-117.8517056,10516,106.0,226.0,91724
37.71450899999992,-122.07954199999992,11862,170.0,128.0,94546
35.468183,-118.77964900000002,453,8.0,679.0,
32.67400400000001,-116.94393200000005,6230,58.0,246.0,91914
37.6619214,-121.855933,3329,46.0,199.0,94566
34.32658400000001,-118.382261,5107,80.0,964.0,
34.09253999999999,-118.49106399999992,31288,487.0,366.0,90049
34.308728999999985,-118.68722300000002,5377,85.0,487.0,93062
41.81957799999999,-124.065667,74,2.0,282.0,95531
41.314337000000016,-122.380798,78,2.0,1344.0,96067
38.427506999999856,-121.31489899999995,3030,44.0,21.0,95624
33.90313400000002,-117.39804399999998,4533,67.0,312.0,92503
34.141358000000004,-115.62116799999998,110,2.0,421.0,
36.29223,-119.622676,458,6.0,72.0,93230
33.6170068,-117.6494139,17571,255.0,184.0,92692
38.23501400000004,-122.55733199999996,936,15.0,78.0,94954
35.296958,-120.73313400000002,512,8.0,111.0,93405
38.99003000000003,-121.11440799999998,1013,16.0,424.0,95602
38.7710902,-121.3698634,4891,73.0,31.0,95747
34.037339999999986,-119.800786,740,12.0,386.0,
37.17406299999992,-121.59874699999996,3061,48.0,476.0,95135
38.04686299999998,-121.35280199999998,1404,7.0,5.0,95209
32.77601200000003,-116.88063400000004,2036,32.0,170.0,92019
34.1644476,-118.256508,20797,295.0,494.0,91202
34.83179200000001,-120.43350900000002,620,10.0,222.0,93455
38.11276,-120.225746,38,1.0,1048.0,
33.95290199999995,-117.63932500000004,6673,105.0,166.0,92878
37.39228700000001,-120.498299,559,9.0,89.0,95348
38.344887999999976,-121.43123100000004,4130,65.0,6.0,94204
35.988087,-118.860221,278,5.0,385.0,
38.577783000000046,-121.20178800000002,2075,33.0,70.0,95742
33.74808599999996,-117.46803700000004,1851,29.0,395.0,92883
39.487185,-123.741963,124,2.0,164.0,
34.50662699999999,-118.69904800000002,2048,32.0,537.0,
32.94579100000032,-117.2143660000001,12725,163.0,35.0,92130
38.280744999999946,-122.00637999999992,1298,19.0,20.0,94533
37.24662299999993,-121.73383300000008,5071,48.0,338.0,
34.57086700000001,-118.023744,452,8.0,814.0,93552
37.51998600000002,-121.57559600000005,2159,34.0,1003.0,
36.902045,-121.35078300000004,1087,17.0,93.0,95023
38.5545359,-121.7870207,1200,19.0,17.0,95616
37.7682179999999,-121.60950899999992,2694,43.0,118.0,
36.20506,-121.010363,79,2.0,287.0,93930
33.692672999999964,-117.302957,2885,20.0,486.0,92330
34.227892000000004,-119.079552,1273,8.0,68.0,93010
34.29461500000001,-118.50700099999996,10457,140.0,386.0,91344
38.4866182,-121.5351981,3099,47.0,3.0,95831
34.1654839,-117.5233721,7117,112.0,684.0,91739
37.879920000000034,-122.18457200000006,14346,225.0,153.0,94563
36.862209000000014,-119.760793,4043,26.0,117.0,93720
33.6266048,-117.8485703,19181,205.0,41.0,92660
33.889702,-117.11342699999996,901,15.0,440.0,
37.8849857,-122.5706681,5916,87.0,257.0,94841
33.13115600000001,-116.976997,949,15.0,535.0,92027
35.26146,-116.690324,44,1.0,769.0,92310
37.76217399999988,-121.91578800000016,19108,283.0,146.0,94582
38.63482199999999,-122.615051,185,3.0,455.0,
37.21695299999996,-121.92655499999996,19779,294.0,216.0,95032
37.393471,-119.741037,15,1.0,834.0,93601
33.96372300000014,-117.738596,16455,231.0,296.0,91709
38.23455300000003,-122.760385,1257,20.0,144.0,94952
33.72985299999999,-117.03406,1881,30.0,459.0,92545
37.26049900000013,-122.04616499999986,14498,222.0,265.0,95071
37.45289500000001,-121.229974,506,8.0,337.0,
36.521012,-119.389446,102,2.0,103.0,93618
34.479453000000014,-120.084094,989,16.0,179.0,93117
33.022474,-116.493688,58,1.0,855.0,92036
33.826392999999975,-117.851307,20862,302.0,65.0,92865
34.018195,-117.85482099999992,12360,183.0,180.0,91789
39.47536000000001,-121.41411,105,2.0,498.0,
32.7839251,-117.0596437,11923,182.0,111.0,92120
34.28033300000003,-117.86614099999996,1072,17.0,1528.0,
38.823058,-123.06389099999998,201,4.0,,95425
34.0178788,-117.59212,6387,73.0,259.0,91761
37.75050200000008,-121.74905500000004,1415,13.0,191.0,94551
34.71365600000001,-117.86466,518,9.0,765.0,93535
32.55702199999997,-117.00621399999996,5944,68.0,100.0,
38.6724297,-121.1558851,7925,90.0,99.0,95630
34.408548,-118.123592,526,9.0,1185.0,
35.585018,-121.041461,173,3.0,98.0,
36.52587,-121.396735,53,1.0,122.0,
32.983606000000066,-117.01903500000014,4673,70.0,205.0,92064
38.325248,-120.955787,63,1.0,101.0,
34.20083400000005,-118.66489999999996,11832,185.0,444.0,91307
36.751519000000016,-119.680602,2010,22.0,103.0,93707
38.52573299999993,-122.69044299999996,2304,36.0,473.0,95404
34.530199,-119.310133,633,10.0,1306.0,93023
38.92213099999999,-122.789559,73,2.0,673.0,95451
33.5709300000001,-117.7730420000001,14536,228.0,171.0,92652
33.768584000000025,-116.42998799999994,2700,7.0,78.0,92270
35.250048,-120.6252368,1528,22.0,86.0,93401
34.168333,-116.288431,75,2.0,780.0,92252
33.736458,-114.687973,44,1.0,161.0,
36.178091,-119.370752,337,4.0,79.0,93274
38.92281200000008,-121.31200500000004,1611,26.0,44.0,95648
37.5496813,-122.0896594,6740,83.0,-2.0,94555
40.75193699999996,-122.23067799999998,319,5.0,420.0,96070
34.60410500000001,-118.23921300000002,1340,21.0,910.0,93551
40.103236,-122.074735,16,1.0,87.0,
39.89162399999999,-121.841982,384,6.0,249.0,
35.118772,-118.493811,318,1.0,1269.0,93561
34.00326600000003,-117.44200399999995,3783,58.0,283.0,92509
34.53322200000002,-119.791731,1670,27.0,629.0,93105
34.177083,-117.25476299999998,1634,24.0,540.0,92404
38.39881499999994,-122.86192299999992,1734,26.0,75.0,95472
34.06611699999998,-118.846342,2874,45.0,279.0,90265
34.2736056,-118.555041,13291,183.0,425.0,91326
37.03646100000003,-122.12175000000008,1946,31.0,458.0,95060
33.21993499999998,-117.20260600000002,6312,93.0,220.0,92084
37.49211499999999,-118.390408,108,2.0,1345.0,
36.41560299999999,-121.637651,310,5.0,618.0,93943
38.05172600000002,-121.48303600000004,768,12.0,-6.0,
34.123304999999974,-118.67102500000004,10897,142.0,459.0,91302
35.463544,-120.692911,822,3.0,359.0,93422
38.4423572,-122.6745352,583,10.0,72.0,95405
33.6687456,-117.7332496,31449,458.0,98.0,92718
34.32261800000001,-118.23757,2574,41.0,1312.0,
35.19240400000001,-119.175866,1215,19.0,88.0,
33.54761300000005,-117.34403999999994,1597,25.0,631.0,92562
40.959368000000005,-124.051236,222,4.0,108.0,95519
37.89993600000005,-121.99924400000005,10159,145.0,84.0,94598
33.58001599999993,-117.1473599999999,5601,83.0,389.0,92563
36.197785,-120.422249,55,1.0,264.0,93210
35.16374,-117.886527,79,2.0,756.0,
34.156528999999985,-117.84160500000004,5152,76.0,413.0,91741
34.02452000000001,-117.28925499999998,3382,45.0,566.0,92313
37.92222799999987,-121.66835900000012,4132,65.0,17.0,94548
36.984884999999984,-119.873914,440,7.0,114.0,93636
34.38469700000003,-118.64724399999996,4966,78.0,418.0,
37.33598699999992,-121.77760300000008,8846,135.0,115.0,95148
41.028176,-121.308316,6,1.0,1011.0,96056
39.492842,-123.34097300000002,98,2.0,740.0,
38.576618,-122.444388,387,7.0,514.0,94508
34.00446799999998,-117.68469700000004,11473,169.0,215.0,91710
34.980294,-116.96444900000002,110,2.0,803.0,
33.05300599999999,-116.85065099999996,668,7.0,445.0,92065
38.2441635,-122.299168,1389,22.0,15.0,94559
38.098070999999976,-122.13594000000003,2227,35.0,108.0,94510
38.11438799999998,-121.144658,359,6.0,26.0,95237
38.918887,-123.605684,39,1.0,270.0,
34.441370000000006,-119.514092,397,7.0,477.0,93013
37.28452899999994,-121.65832099999992,4009,63.0,578.0,
34.2371417,-116.840455,70,2.0,2100.0,92386
35.037198,-120.504593,706,12.0,113.0,93444
37.50451399999993,-122.03291600000006,17221,203.0,-3.0,94560
34.894366,-114.640335,12,1.0,158.0,86446
34.23085400000002,-118.36585599999998,14834,227.0,262.0,91352
37.4300692,-122.2989649,6613,104.0,529.0,94062
34.74739,-118.36924900000002,1106,18.0,836.0,
40.33638700000001,-122.448511,93,2.0,220.0,96022
38.4282508,-119.9915528,56,1.0,2164.0,95223
38.4220022,-121.4454761,5457,69.0,9.0,95758
37.79268199999997,-121.8605900000001,9944,156.0,210.0,94583
39.266469,-121.978604,20,1.0,18.0,95932
38.478832,-120.611993,57,1.0,915.0,95689
33.39047699999997,-117.20942700000006,1370,22.0,270.0,92028
37.18614099999986,-121.84355500000012,13805,212.0,268.0,95042
33.17077499999995,-117.15867599999996,6651,80.0,202.0,92069
40.168801,-123.826148,8,1.0,445.0,95560
33.64176699999998,-116.27394300000007,1260,12.0,1.0,92247
36.39177699999998,-119.372842,700,11.0,95.0,
32.735124,-116.415161,43,1.0,1068.0,91962
39.491654,-122.26208,33,1.0,48.0,
38.40857100000001,-122.02277500000004,817,13.0,196.0,95688
38.7311645,-121.3653103,5158,81.0,38.0,95843
39.040304999999975,-121.560484,617,6.0,15.0,95961
34.42436599999999,-117.16129499999998,374,6.0,1027.0,92308
38.112166,-122.63438399999995,854,14.0,67.0,94947
37.2946801,-122.0816201,28728,441.0,199.0,95014
33.54723799999985,-117.62376099999986,21154,331.0,169.0,92694
37.613574,-122.4863381,17166,255.0,130.0,94044
34.12328599999995,-118.75854100000002,5440,81.0,321.0,91301
39.19638699999999,-120.972289,246,4.0,854.0,95945
34.2091699,-118.2094393,12320,188.0,556.0,91011
32.619458999999914,-116.9858199999999,8912,95.0,148.0,91913
37.733742,-120.9354079,1421,23.0,43.0,95390
37.00670000000002,-121.878207,1522,24.0,200.0,95001
37.918854,-121.41742700000002,502,8.0,-2.0,95208
38.69861400000002,-121.69926200000002,599,1.0,9.0,
34.8159974,-119.1020501,57,1.0,1730.0,93225
33.25354800000002,-117.00336600000004,585,7.0,557.0,92082
34.571217999999995,-117.133073,391,7.0,1218.0,92307
34.58523399999999,-117.45372399999998,191,3.0,875.0,92301
36.29227000000001,-119.829463,212,3.0,63.0,93245
33.648169,-116.895308,531,9.0,789.0,
37.35748900000006,-122.1444369999999,20991,324.0,181.0,94022
32.63786800000003,-117.058031,7138,83.0,60.0,91910
36.91807899999999,-120.185933,246,4.0,,93637
33.84045099999996,-117.60196099999992,7047,102.0,,92882
37.864258,-120.004543,73,2.0,,
33.142077,-116.106046,35,1.0,,92004
34.40250899999997,-118.36342699999996,3223,51.0,,
32.80856299999998,-116.71007600000002,336,6.0,,91901
38.33313299999998,-121.92015100000005,1141,18.0,,95625
37.32123300000001,-120.65439499999998,288,5.0,,95301
32.741212,-117.22919,8731,114.0,,92106
34.1499864,-118.00202,11893,171.0,,91016
34.21243300000001,-117.381239,1109,6.0,,92407
38.049938999999966,-121.23296999999998,958,3.0,,95212
36.448672,-121.849502,667,11.0,,
33.6474401,-117.687623,23801,330.0,,92630
34.653533,-120.007153,166,3.0,,
34.1899742,-119.2327807,1978,31.0,,93035
37.46945300000003,-122.41184100000004,2482,35.0,,94019
32.990120999999995,-115.35875699999998,78,2.0,,92227
33.97278199999999,-118.022066,11216,155.0,,90602
34.545587,-118.42009500000002,701,11.0,,91390
33.70859200000001,-116.497622,805,13.0,,92264
37.787236000000014,-120.75920200000002,308,5.0,,95361
34.4350031,-119.6105419,1425,15.0,,93108
35.621087,-118.789677,260,5.0,838.0,
34.402343,-119.094824,320,5.0,381.0,
32.8521688,-117.2571827,7590,91.0,26.0,92037
34.05940999999998,-117.67401100000002,11811,169.0,294.0,91762
34.13607700000001,-118.88891899999996,6407,101.0,371.0,91361
37.8233204,-122.2071845,16877,256.0,310.0,94602
33.746707,-117.172142,1508,24.0,444.0,92585
34.595668999999994,-120.352667,444,7.0,222.0,
34.923013,-120.259463,227,4.0,554.0,94454
38.421934,-123.063911,189,3.0,150.0,95465
38.493179,-122.777546,2192,33.0,37.0,95439
39.215586,-121.20324,167,3.0,416.0,95946
40.60177800000002,-122.45497299999998,338,6.0,228.0,96087
33.117153999999935,-117.18062699999994,8365,105.0,277.0,92078
34.376158999999994,-117.294397,487,8.0,1015.0,92345
36.295014,-119.026031,105,2.0,429.0,
36.814503,-120.57524,33,1.0,68.0,
34.03230099999998,-117.01057400000003,2454,39.0,1080.0,92399
34.106896000000006,-119.099535,683,11.0,5.0,93042
37.7753584,-122.145787,12968,191.0,122.0,94613
38.13406799999998,-122.52719,1527,24.0,-1.0,
33.343438,-117.31725000000002,501,8.0,67.0,92058
38.46882899999998,-122.58072400000002,929,15.0,529.0,95409
32.908915000000015,-116.89197499999996,1234,20.0,474.0,92040
36.769389,-121.667532,759,6.0,27.0,93907
38.148862000000015,-121.737696,205,4.0,47.0,
39.22393899999999,-121.49405,183,3.0,24.0,95901
33.60669499999992,-117.60436000000014,12089,178.0,289.0,
33.9443513,-118.4062065,37354,568.0,39.0,90245
38.56886600000001,-122.07978099999998,166,3.0,276.0,96088
33.9318178,-117.5999665,6526,93.0,176.0,91720
34.1021355,-118.0749348,20487,288.0,113.0,91778
34.2064242,-118.8844286,8956,118.0,237.0,91360
38.19249800000001,-121.927529,463,8.0,2.0,
37.60590499999999,-122.12687300000007,8864,138.0,-3.0,
36.81779100000001,-119.457602,258,5.0,235.0,
38.13706799999999,-121.384546,539,6.0,4.0,95242
34.447894,-117.623946,216,4.0,1210.0,92372
34.08746000000006,-118.544232,18952,289.0,476.0,90272
33.8574579,-118.0785393,18505,220.0,20.0,90703
38.744421,-121.1732264,7361,116.0,107.0,95746
32.990032,-117.075396,12318,179.0,251.0,92128
33.64952800000002,-117.37677400000004,1916,30.0,467.0,92530
34.4623278,-118.5566385,4240,2.0,375.0,91354
33.5410626,-117.1171448,6389,100.0,393.0,92591
38.1860098,-122.2601691,2146,32.0,72.0,94503
37.37682800000004,-122.20979600000004,13215,201.0,186.0,94028
38.80034899999999,-120.503871,63,1.0,1365.0,95726
33.62445599999993,-117.78142299999996,23925,365.0,170.0,92603
33.78729199999999,-117.320673,476,8.0,643.0,92570
39.33926399999999,-121.770785,137,3.0,24.0,95948
34.36811000000001,-118.489038,6133,78.0,490.0,91322
38.6765755,-121.8685358,345,6.0,32.0,95695
37.2628961,-121.932567,21479,288.0,64.0,95124
35.617546,-118.452285,27,1.0,1168.0,93205
34.29333800000003,-118.60311799999997,10415,163.0,514.0,91311
37.583767,-119.976728,75,2.0,799.0,95345
34.2022646,-118.5363484,21642,301.0,230.0,91335
38.149816,-120.84667,110,2.0,209.0,95252
33.9870413,-117.8925164,18344,241.0,170.0,91748
33.8739847,-117.8709131,17620,233.0,88.0,92870
36.658709,-119.401274,133,3.0,122.0,93654
34.18001,-117.77393900000004,4313,68.0,834.0,91750
38.80826400000001,-122.539952,166,3.0,396.0,95467
33.828396000000005,-117.20766,1509,8.0,442.0,92571
40.51087,-121.876112,21,1.0,1081.0,
37.17126700000001,-122.149524,247,4.0,274.0,95006
33.819545,-117.9601612,20660,250.0,28.0,92804
39.73630800000001,-122.259338,51,1.0,84.0,95963
36.72725,-120.123426,89,2.0,64.0,93630
36.82574499999999,-121.51858699999998,148,3.0,142.0,95045
37.5232544,-122.2518725,14159,155.0,-2.0,94065
35.3855515,-119.1119803,1010,2.0,116.0,93312
37.4059857,-122.121416,25538,309.0,11.0,94306
39.111833,-120.877969,107,2.0,574.0,95713
34.1390039,-117.706921,6898,104.0,455.0,91711
32.8575383,-117.1852012,14915,180.0,123.0,92122
38.489543999999945,-121.32345400000004,4612,73.0,20.0,95829
33.0930727,-117.2910388,10699,113.0,91.0,92011
34.185894,-116.43241600000002,208,4.0,1117.0,92286
37.889098,-122.03755300000005,12094,141.0,72.0,94596
33.2079607,-117.2819851,6754,87.0,86.0,92056
38.743039,-123.476418,117,2.0,197.0,95497
33.745761999999985,-118.20804200000002,6336,64.0,0.0,90802
33.9258238,-118.2376001,7092,96.0,28.0,90059
33.67901000000008,-118.01460300000002,13706,205.0,21.0,92648
33.617844,-117.25930400000004,2054,29.0,466.0,92595
33.244442,-117.291178,4075,64.0,29.0,92057
34.4359096,-119.803846,2833,44.0,52.0,93111
38.4807614,-121.410185,5102,76.0,10.0,92828
33.4617564,-117.6963287,5510,86.0,104.0,92629
40.551757,-120.675673,17,1.0,1526.0,
39.30524499999999,-123.748616,100,2.0,191.0,95460
34.480246999999984,-117.408184,891,14.0,1002.0,92392
33.66584799999999,-117.04966000000006,1770,28.0,478.0,92543
33.99900500000002,-117.97214600000002,12484,177.0,124.0,91745
34.4521463,-118.6360958,3987,51.0,429.0,91384
33.89113299999998,-117.326749,4493,69.0,508.0,92508
33.6344767,-117.9184402,16708,242.0,28.0,92627
39.0199922,-122.0559382,32,1.0,40.0,95912
34.16035900000002,-118.21376899999998,25277,372.0,249.0,91206
33.212443999999984,-117.11609799999997,3465,55.0,494.0,92026
33.9559109,-117.3321018,4676,74.0,335.0,92507
33.75404800000007,-117.75227300000002,27626,428.0,139.0,92602
37.043434,-120.033693,126,2.0,98.0,93638
40.18189000000001,-122.377104,118,2.0,179.0,
40.557483,-124.081215,91,2.0,102.0,95547
37.8731755,-122.4563742,3263,35.0,68.0,94920
34.19602599999998,-118.99253100000004,3526,56.0,107.0,93012
38.04585699999999,-122.861209,54,1.0,128.0,94937
35.3118622,-120.832629,341,6.0,244.0,93402
37.72272000000002,-122.02155200000004,7659,120.0,293.0,94552
35.401934,-120.799362,217,4.0,179.0,93442
33.9577257,-118.3096485,20079,281.0,62.0,90047
39.045931,-122.941077,75,2.0,468.0,95453
37.9522715,-122.550052,9347,125.0,112.0,94904
37.224696,-119.470738,23,1.0,1063.0,96644
38.65206500000007,-121.25440999999996,4974,70.0,70.0,95628
38.51199199999998,-121.09626099999998,220,4.0,71.0,95683
35.2603549,-118.913783,189,3.0,122.0,93241
37.66740500000001,-120.629404,72,2.0,71.0,
38.1194226,-122.2090254,3112,9.0,78.0,94591
37.871680000000005,-121.597066,3090,49.0,-3.0,94505
33.460512,-116.084589,34,1.0,-58.0,92274
34.1849261,-118.77057,7720,117.0,343.0,91377
37.84064500000007,-122.11487699999996,12007,188.0,186.0,94575
36.245404,-118.693313,36,1.0,2056.0,93265
40.92143,-123.815266,25,1.0,424.0,95525
34.085971999999984,-117.464597,4972,78.0,354.0,92335
33.399248,-118.435601,31,1.0,245.0,90704
38.80917499999999,-121.17137499999998,2764,8.0,132.0,95650
40.3608931,-121.3543113,6,1.0,1712.0,
32.7987241,-117.2469667,13361,197.0,8.0,92109
41.609516,-122.963525,10,1.0,838.0,96032
37.34578499999999,-120.42415,559,9.0,62.0,95340
37.209821,-119.749802,90,2.0,568.0,
38.1378861,-120.457094,65,2.0,676.0,95247
32.838797999999954,-116.86995599999996,2315,29.0,264.0,92021
37.8995587,-121.8733991,3038,48.0,271.0,94157
33.88257899999997,-117.44230299999992,3829,59.0,326.0,92503
33.95154000000001,-116.52010400000002,263,5.0,311.0,92240
34.0705005,-117.934355,10408,125.0,118.0,91790
37.9613153,-122.5002485,7334,93.0,47.0,94901
35.652242,-119.4464,54,1.0,77.0,
32.72191899999999,-116.788204,299,5.0,795.0,91935
37.9652976,-121.781917,2985,3.0,47.0,94531
33.02090799999997,-117.19034599999996,21693,339.0,79.0,92067
38.06047499999995,-122.50849599999994,4635,73.0,-2.0,94949
37.85041099999993,-122.02112399999996,8021,125.0,113.0,94507
36.301334,-119.372586,348,4.0,98.0,93277
32.7142466,-117.0072678,7581,113.0,303.0,91977
34.131587,-117.614893,8323,130.0,487.0,91701
34.1068035,-118.4151417,41613,629.0,198.0,90210
37.9043493,-122.2677241,11538,122.0,133.0,94708
34.757047,-117.350142,71,2.0,775.0,92342
35.303925,-120.256566,38,1.0,736.0,
36.627211,-119.731888,250,4.0,89.0,93725
32.881449,-115.675459,167,3.0,-15.0,92251
34.44159600000001,-118.448109,3835,58.0,629.0,01387
37.9588379,-122.611688,5667,89.0,317.0,94930
33.8983315,-117.9111323,17951,210.0,101.0,92835
32.68755199999999,-115.541028,189,3.0,-3.0,
37.37109099999999,-121.80075200000005,12231,170.0,154.0,95127
33.80844999999994,-117.79173699999996,21635,335.0,123.0,92869
34.556110999999994,-117.35363200000002,672,3.0,869.0,92394
34.127194000000024,-118.29564700000005,33885,477.0,411.0,90027
38.6379171,-121.3305,6473,94.0,39.0,95608
34.45090600000001,-118.227614,147,3.0,1107.0,93510
33.082399999999986,-117.127641,10126,159.0,272.0,92029
32.6302101,-116.9385545,6303,57.0,152.0,91915
37.7377092,-122.239576,9528,129.0,5.0,94502
32.777241,-115.127641,15,1.0,34.0,
33.80760699999999,-117.015163,764,12.0,448.0,
39.09923000000001,-121.138848,234,4.0,422.0,95949
37.043286,-119.691306,97,2.0,413.0,
37.554268999999984,-120.951523,706,12.0,25.0,95307
34.1842684,-118.1310397,14976,230.0,437.0,91002
37.3439781,-121.958945,35917,474.0,20.0,95050
40.85569399999999,-124.066898,257,3.0,9.0,95524
39.884654,-121.586789,19,1.0,888.0,95954
37.066986,-122.0056659,1798,13.0,206.0,95066
33.93619300000001,-117.49388100000004,5207,80.0,237.0,92505
34.2007767,-118.4143209,21477,323.0,236.0,91605
36.793477,-119.956818,1045,17.0,85.0,93706
38.670649000000026,-121.52598299999995,4893,38.0,6.0,95835
37.231045,-120.501072,114,2.0,46.0,
37.020043,-120.625404,35,1.0,36.0,93620
37.672905999999976,-120.946594,1770,28.0,32.0,95355
37.166199,-121.024432,58,1.0,48.0,95322
37.16084600000002,-121.98396599999997,4874,77.0,384.0,95026
34.083305,-117.968609,14126,200.0,119.0,91706
39.31403000000001,-123.249924,53,1.0,588.0,
37.671103000000016,-121.406559,1341,21.0,41.0,
35.5030678,-119.2774005,178,3.0,104.0,93263
37.3303684,-121.88439,24106,327.0,20.0,95113
35.886767,-120.608661,38,1.0,577.0,
34.40778,-119.306554,113,2.0,135.0,93022
36.248797,-121.386631,71,2.0,413.0,
35.484966,-120.944417,88,2.0,246.0,93430
37.8347336,-122.248783,20357,292.0,135.0,94611
38.072109,-120.631346,42,1.0,471.0,
35.162393,-119.425116,29,1.0,293.0,93268
33.9706149,-118.1656423,8659,56.0,38.0,90201
37.325955,-121.193383,98,2.0,181.0,
36.789273,-119.140345,23,1.0,1287.0,
41.068267,-124.1489841,67,2.0,0.0,95570
33.9677273,-117.2658869,3372,22.0,539.0,92557
38.527164,-123.00789199999998,136,3.0,139.0,
37.7233601,-122.3962416,39957,596.0,59.0,94134
32.57375500000001,-117.12087200000002,2426,38.0,6.0,91932
37.3606024,-120.7403361,205,4.0,38.0,95334
34.957206,-117.827391,36,1.0,695.0,
34.2344938,-118.5014299,19193,247.0,267.0,91325
36.83428900000001,-119.83335,3275,42.0,106.0,93711
32.7013147,-117.1974009,7489,94.0,-5.0,92135
34.22419600000001,-118.632394,11777,175.0,270.0,91304
37.55337599999999,-120.714055,78,2.0,68.0,95323
32.806763,-117.149407,14948,149.0,127.0,92123
37.949421,-121.157283,124,2.0,19.0,95215
38.9627361,-122.634245,42,1.0,423.0,95422
34.2605131,-118.326723,8253,129.0,413.0,91040
38.52807900000004,-122.821349,2192,23.0,31.0,95492
33.527867,-116.64762,20,1.0,1201.0,92539
39.009801,-121.034707,525,9.0,549.0,95722
32.9494207,-117.2466505,10498,155.0,5.0,92014
38.399281,-121.210116,163,3.0,35.0,95693
38.371538,-122.487307,205,3.0,440.0,95431
33.50186000000005,-117.60864600000004,8476,117.0,293.0,92690
34.10775300000001,-118.61621900000002,12093,188.0,423.0,90290
36.614410000000014,-121.786901,1835,29.0,138.0,93941
36.874755,-121.630732,101,2.0,171.0,95004-9615
35.112617,-118.832292,48,1.0,194.0,
33.934335000000026,-117.36731899999997,4187,64.0,350.0,92506
39.940063,-120.891328,27,1.0,1082.0,95971
33.8040036,-118.350904,19391,259.0,29.0,90505
38.523861,-120.376629,34,1.0,1400.0,
34.108022999999974,-118.456964,34415,528.0,293.0,90077
33.15849999999995,-117.277163,9728,131.0,73.0,92010
35.538809,-120.739893,822,13.0,268.0,93465
34.0317908,-117.9130066,16062,185.0,182.0,91792
34.95934,-120.490081,706,12.0,52.0,93458
34.12977199999995,-118.330989,37183,536.0,325.0,90068
34.04151,-118.1918603,18018,236.0,127.0,90063
37.9539711,-122.0610372,9155,61.0,19.0,94523
37.612612,-121.108568,150,3.0,20.0,95358
37.129364,-119.219563,9,1.0,2142.0,93664
38.4000578,-122.3604533,114,2.0,28.0,94599
37.131989,-118.15588,8,1.0,1895.0,
38.012599,-122.687478,281,5.0,100.0,94933
39.593945,-121.581363,66,2.0,298.0,95965
34.624395,-120.137875,441,2.0,229.0,93463
33.492391,-116.837955,42,1.0,858.0,92536
34.737964,-120.543739,58,1.0,142.0,93437
39.92344599999999,-122.270806,49,1.0,106.0,96021
34.8509668,-119.1650192,43,1.0,2200.0,93222
33.7263885,-117.9051156,21263,276.0,20.0,92704
34.689848,-118.533689,42,1.0,1421.0,93532
36.905389000000014,-119.748632,1935,31.0,112.0,93730
38.72237400000001,-120.978633,104,2.0,471.0,95672
35.779507,-119.200825,118,2.0,117.0,93215
37.9883736,-122.590597,6282,89.0,72.0,94930
38.76407000000003,-121.287523,8236,25.0,52.0,95678
37.85290399999998,-122.54720700000004,5520,68.0,60.0,94841
32.8390419,-117.0986005,15329,215.0,102.0,92124
39.806096,-123.516147,8,1.0,831.0,95454
40.60306599999999,-122.186657,51,1.0,217.0,
32.66576199999999,-117.01865700000003,9931,136.0,55.0,91902
33.79519599999999,-116.932856,408,7.0,484.0,92581
36.469275,-118.800919,23,1.0,1337.0,
38.44913699999997,-122.793752,3878,61.0,24.0,95439
38.88118299999999,-121.169014,717,12.0,159.0,95658
37.7249429,-122.3939216,31608,487.0,9.0,94124
34.2708514,-119.170721,3000,11.0,65.0,93004
34.1927085,-118.5715064,22685,318.0,246.0,91371
34.15021200000002,-119.127729,1232,18.0,6.0,93042
37.95284400000001,-122.381974,3647,53.0,2.0,94801
39.1868911,-120.1104969,72,2.0,2048.0,96145
33.76563900000006,-117.79007499999994,24990,354.0,87.0,92705
33.9888385,-118.293159,26809,413.0,55.0,90230
34.297699,-119.014558,119,2.0,239.0,93066
38.6798655,-121.229027,7472,115.0,70.0,95662
37.554298,-122.496632,1686,25.0,182.0,94037
33.69221699999999,-116.341248,2763,44.0,416.0,92210
33.8556925,-118.1667143,9946,134.0,19.0,90805
34.2034285,-118.2986959,18889,232.0,493.0,91501
37.0890844,-122.0892896,2627,42.0,195.0,95005
37.861625,-120.480322,33,1.0,366.0,95309
34.899991,-116.654532,9,1.0,556.0,92365
38.3346278,-123.0496156,181,3.0,85.0,94923
34.7727,-118.791975,18,1.0,1050.0,93243
34.0231421,-118.0369225,10989,162.0,278.0,90601
33.7353335,-116.6960429,44,1.0,1670.0,92599
36.76886,-119.762393,2287,10.0,98.0,93703
38.51278700000001,-121.493618,6084,86.0,7.0,95822
40.3018006,-121.0008794,13,1.0,1731.0,96137
38.628217,-123.160834,34,1.0,268.0,
36.5458801,-121.9275261,1654,8.0,55.0,93922
34.13945999999999,-118.16664899999998,24247,266.0,234.0,91184
35.486805,-120.485271,26,1.0,436.0,
33.66730100000001,-116.963506,1759,28.0,521.0,92543
37.82559799999999,-121.005157,99,2.0,33.0,95320
37.247137,-122.273493,87,2.0,343.0,94021
34.17848300000002,-118.431791,26634,349.0,214.0,91401
40.523099,-124.326421,19,1.0,248.0,
38.4724152,-121.44876,5364,76.0,7.0,95823
32.8035475,-117.0359028,10456,140.0,341.0,92119
38.116490000000006,-122.930351,90,2.0,44.0,94937
32.755239,-117.094062,16378,239.0,80.0,92115
37.6525286,-122.0532083,10591,161.0,218.0,94542
33.6170068,-117.6494139,29563,412.0,169.0,92692
38.99418700000001,-121.594591,617,10.0,13.0,95992
36.042151,-119.5277,21,1.0,63.0,93212
38.834145,-122.236936,12,1.0,363.0,
32.7518076,-117.001918,7507,98.0,170.0,91977
33.28527400000001,-117.197777,1089,18.0,101.0,92003
33.6987822,-117.2438885,4101,65.0,471.0,92587
39.046931,-121.403091,59,1.0,28.0,95692
40.525724,-123.193917,7,1.0,740.0,96041
34.481108,-117.982006,60,1.0,1170.0,
34.11936700000001,-117.85505399999998,5779,80.0,265.0,91740
37.6884059,-121.0108125,2469,30.0,28.0,95350
41.456579,-122.469367,29,1.0,931.0,
39.105127,-122.283003,17,1.0,92.0,95987
33.6256063,-117.9264928,14455,226.0,33.0,92663
37.95954900000003,-122.283578,8850,127.0,66.0,94803
37.04225400000001,-121.930051,2574,41.0,184.0,95065
34.077059,-116.606626,33,1.0,1247.0,72256
38.02973,-121.02389,39,1.0,43.0,
38.199576,-121.618273,53,1.0,-4.0,95641
38.4978142,-122.8996465,167,3.0,91.0,95436
35.952426,-119.072843,14,1.0,140.0,93270
36.7374526,-118.2650703,8,1.0,1690.0,
37.7753584,-122.145787,9991,157.0,322.0,94613
33.78306399999998,-118.02626800000002,16544,190.0,14.0,92845
33.9185466,-118.013281,17999,258.0,68.0,90638
38.482619,-120.899472,35,1.0,210.0,95669
34.168771,-118.05021600000002,13560,169.0,314.0,91024
32.7342001,-116.940956,4896,77.0,157.0,91978
39.639597,-120.247144,7,1.0,1740.0,
34.1683201,-118.1335686,18841,190.0,296.0,91104
40.666691,-123.908396,14,1.0,994.0,
32.725349,-117.228983,8731,125.0,20.0,92106
38.313448,-121.123886,32,1.0,65.0,
39.161278,-122.745312,13,1.0,841.0,95458
37.09930800000001,-121.59923999999998,3061,48.0,88.0,94046
36.8378683,-119.68617,3196,28.0,119.0,93611
38.75013200000001,-120.675412,61,1.0,935.0,95709
36.525703,-120.952122,6,1.0,1088.0,
36.63634400000001,-121.62397799999998,1383,2.0,16.0,93962
34.26587899999999,-118.45674800000002,10744,149.0,293.0,91345
37.3230314,-121.827985,23924,326.0,31.0,95122
35.848621,-120.938911,10,1.0,365.0,
34.152582999999964,-117.57770700000005,7481,117.0,578.0,91737
34.1643407,-118.2813278,22628,262.0,167.0,91201
34.912622,-120.619088,53,1.0,348.0,93455
39.053461000000006,-120.795632,49,1.0,1072.0,95631
36.779046,-121.142439,13,1.0,507.0,
36.620634,-119.520731,57,1.0,107.0,93648
34.20524699999999,-119.174092,3037,13.0,22.0,93030
34.0097166,-118.1130682,13295,130.0,61.0,90640
40.9332,-122.382788,12,1.0,456.0,96051
32.626231,-116.61002,11,1.0,712.0,91963
33.8483863,-118.263479,9925,130.0,27.0,90746
33.75247600000001,-117.612554,2920,46.0,784.0,92676
38.5016047,-122.7513416,3483,53.0,48.0,95439
37.377787,-119.632385,60,1.0,985.0,93623
36.206269,-119.071075,64,1.0,123.0,93247
38.542448000000014,-122.419923,424,7.0,497.0,
39.259022,-121.776826,120,2.0,65.0,
33.91713999999999,-118.404267,36347,517.0,38.0,90245
40.01945,-121.566635,24,1.0,1203.0,
38.734513,-122.025346,23,1.0,55.0,
38.731694000000005,-122.906767,59,1.0,172.0,95441
39.2947189,-120.381391,22,1.0,2141.0,95724
37.4495974,-122.1881017,18196,206.0,25.0,94025
34.063516,-117.790379,10315,159.0,243.0,91768
37.028835,-119.316654,29,1.0,1102.0,
37.80721499999999,-122.30149699999996,13074,140.0,3.0,94626
36.7675325,-121.7602167,74,2.0,3.0,95012
34.510646,-116.896718,14,1.0,872.0,92356
34.442625,-117.541815,140,3.0,1161.0,92329
38.886238,-120.979699,80,2.0,526.0,95614
36.092975,-121.549826,13,1.0,976.0,
33.92817900000001,-117.809285,17573,253.0,312.0,92803
34.4216866,-119.6778499,3189,22.0,92.0,93103
34.59448,-117.813666,38,1.0,841.0,93591
36.526597,-119.864103,27,1.0,71.0,93609
33.376467,-117.066121,24,1.0,166.0,92059
37.939765,-120.188046,20,1.0,1073.0,
34.222079,-116.564222,11,1.0,1468.0,92248
37.4106579,-122.1604958,18402,217.0,58.0,94304
40.67656399999999,-122.380909,46,1.0,242.0,96019
38.83252,-123.472532,117,2.0,99.0,
38.187350000000016,-122.22407400000002,2783,44.0,209.0,94503
34.0250901,-118.3077277,35605,542.0,48.0,90018
39.301229,-121.337929,31,1.0,292.0,95918
37.666587,-120.411517,17,1.0,192.0,
33.323221,-116.66593,14,1.0,1147.0,
34.04980899999999,-117.470613,2897,44.0,297.0,92337
38.320861,-122.646138,1120,18.0,97.0,94951
32.648992,-116.152565,9,1.0,1054.0,
33.76390499999998,-117.93138199999996,22866,308.0,25.0,92843
34.770605,-119.985205,40,1.0,832.0,
36.191268,-120.090097,7,1.0,106.0,93234
38.5485859,-121.3948422,5675,86.0,14.0,95826
38.603602,-120.85703,69,2.0,522.0,95623
33.988505,-118.33635799999998,30181,458.0,66.0,90043
34.083016,-117.073317,838,14.0,729.0,92399
33.0222651,-117.2822594,11417,148.0,44.0,92007
38.6827463,-121.4552798,3668,58.0,14.0,95673
41.754853,-122.365534,6,1.0,960.0,
38.6798103,-121.270794,5241,73.0,63.0,95610
38.20023100000001,-121.235034,479,8.0,23.0,95220
36.624539000000006,-119.671874,266,5.0,97.0,93625
39.199469,-123.702253,47,1.0,142.0,95410
38.695997,-121.3640845,3729,45.0,47.0,95842
35.652911,-120.266428,7,1.0,633.0,
33.758663,-117.109484,1157,19.0,566.0,92548
34.1356634,-118.216452,27824,411.0,201.0,90041
37.6793441,-122.154365,8946,94.0,0.0,94579
35.6688108,-118.3055882,8,1.0,1521.0,93283
33.298504,-116.924783,58,1.0,729.0,92061
37.242232,-120.240442,7,1.0,77.0,95333
34.180563,-118.3948091,25549,389.0,212.0,91606
34.059306,-117.390768,2873,36.0,318.0,92316
34.3422103,-117.6031843,119,2.0,1917.0,92397
37.6660531,-119.7127344,7,1.0,1865.0,95389
33.708982,-117.198853,3105,27.0,438.0,92586
38.43448300000001,-120.761659,81,2.0,505.0,
32.887989,-116.621354,32,1.0,1205.0,
33.83795999999998,-117.87049399999997,17573,245.0,64.0,92806
33.845619,-118.038726,21906,257.0,19.0,90623
39.390917,-123.052841,9,1.0,791.0,95469
34.2543017,-117.1731436,70,2.0,1793.0,92321
40.546631,-122.880891,8,1.0,1433.0,
35.221906,-118.582566,23,1.0,993.0,93531
35.178504,-120.731961,428,7.0,93.0,93424
38.189115,-120.638708,19,1.0,397.0,95249
40.619998,-122.643642,7,1.0,1185.0,
37.58891799999999,-120.855236,836,14.0,36.0,95326
39.604713,-121.795288,48,1.0,40.0,95958
38.840217,-120.829757,29,1.0,706.0,95633
38.25242,-122.962717,34,1.0,50.0,94929
38.592309,-120.584657,35,1.0,964.0,95684
39.015251,-123.370756,16,1.0,115.0,59415
38.67854499999999,-121.37996900000002,3645,54.0,26.0,95660
33.61967200000005,-117.61208699999996,15548,232.0,251.0,92688
38.173556,-121.312247,619,10.0,10.0,95220
38.6963174,-119.8447164,13,1.0,2927.0,96120
36.672683,-120.446521,10,1.0,71.0,93640
33.637201,-116.627212,31,1.0,1375.0,
34.18566599999998,-118.23949399999997,21397,290.0,431.0,91208
33.8069162,-117.9227207,22717,257.0,40.0,92802
33.81981400000001,-118.222416,8636,101.0,10.0,90810
37.394536,-120.890747,357,6.0,29.0,95324
34.243482,-117.281304,510,8.0,1403.0,92322
33.14709,-116.717453,11,1.0,1087.0,
39.722512,-122.004433,10,1.0,43.0,95951
37.8641059,-122.2462392,18649,278.0,272.0,94720
34.712216,-120.230146,31,1.0,399.0,93440
33.543835,-115.993906,23,1.0,-45.0,92254
33.82233,-116.364238,2085,28.0,67.0,92211
38.0227801,-121.293185,2275,18.0,6.0,95210
38.281108,-119.384449,10,1.0,2845.0,
37.9043493,-122.2677241,13595,190.0,215.0,94708
37.248335,-119.944935,11,1.0,240.0,
35.746484,-121.223355,6,1.0,448.0,
34.16919999999996,-118.372498,27604,405.0,194.0,91601
38.384706,-121.578722,25,1.0,0.0,94203
38.884891,-121.778654,9,1.0,7.0,95676
37.0852192,-122.0536731,2998,31.0,115.0,95041
36.651745000000005,-121.59944400000002,1383,18.0,21.0,93905
35.960636,-119.312992,6,1.0,76.0,93256
33.842584,-116.2929,940,15.0,243.0,
36.46271,-119.093242,19,1.0,283.0,
37.672536,-120.887136,1314,21.0,37.0,95357
39.226549,-120.767022,7,1.0,1301.0,95701
33.887088,-118.159741,9631,135.0,28.0,90723
38.4607321,-121.5056589,4073,58.0,4.0,95831
38.4426174,-122.5308898,1052,15.0,273.0,95452
37.988450999999976,-122.013001,5436,56.0,29.0,94519
37.7346227,-122.4337115,31655,381.0,182.0,94112
34.3444403,-117.9711845,25,1.0,1780.0,93550
40.496975,-123.930822,9,1.0,303.0,
35.044396,-120.620199,232,4.0,20.0,93475
40.580119,-122.041403,7,1.0,409.0,
34.07819499999998,-118.185501,24231,320.0,227.0,90032
38.936137,-123.119445,21,1.0,455.0,95449
33.9992225,-118.358,43182,613.0,62.0,90043
33.947305000000014,-118.439841,33466,490.0,42.0,90293
38.210353,-121.051256,12,1.0,43.0,
33.95029499999999,-118.02435199999998,11567,159.0,66.0,90605
32.654821,-116.465541,39,1.0,890.0,91906
40.914926,-123.668723,9,1.0,1178.0,95518
37.41467,-120.586787,35,1.0,64.0,95388
40.055796,-123.969269,7,1.0,318.0,95589
37.374707,-122.181698,13433,204.0,153.0,94028
34.0317653,-118.290833,25586,365.0,73.0,90007
37.57459,-121.853708,9280,145.0,92.0,94586
37.845601,-121.950612,8109,127.0,217.0,94528
39.7683704,-120.5251586,17,1.0,1605.0,96106
37.393503,-121.620009,18,1.0,891.0,
41.870812,-123.86277,6,1.0,542.0,95531
38.458864,-122.428831,441,7.0,55.0,94554
39.0685632,-120.130964,20,1.0,2351.0,96142
33.983697,-116.691398,14,1.0,1228.0,
33.8321595,-118.2797865,12875,151.0,16.0,90503
37.943087,-122.72379,172,3.0,297.0,94924
33.9151817,-118.2646287,10088,121.0,48.0,90061
41.006417,-121.480741,8,1.0,1202.0,
34.1635125,-118.256736,22591,317.0,183.0,91207
37.688826000000006,-122.408935,31431,444.0,12.0,94005
37.431392,-121.051294,9,1.0,22.0,95313
38.419902,-120.474458,7,1.0,1048.0,95255
40.704869,-122.120038,10,1.0,375.0,
38.7064759,-120.0883019,7,1.0,2528.0,95646
38.501363,-123.170879,18,1.0,251.0,95450
38.028939,-121.640521,1102,18.0,-4.0,94511
39.225478,-122.922912,8,1.0,646.0,
35.715258,-118.507027,6,1.0,1378.0,93285
34.0550794,-118.3865588,39015,518.0,47.0,90035
37.6540073,-120.9583183,1874,20.0,31.0,95354
34.0226595,-118.2516039,15793,159.0,61.0,90011
33.817630000000015,-117.810046,24371,377.0,112.0,92861
39.2001213,-120.239023,116,2.0,1900.0,96146
38.0218688,-122.261428,3112,45.0,48.0,94547
33.601984,-117.913001,13326,197.0,0.0,92658
38.549228,-121.278598,4551,68.0,39.0,95655
38.3938372,-120.6535458,41,1.0,826.0,95665
38.80129,-121.037936,21,1.0,375.0,95664
34.144617999999994,-117.30130099999998,1346,19.0,366.0,92405
36.9809058,-122.051951,3727,46.0,188.0,95064
39.244183,-123.563531,11,1.0,133.0,95427
37.748272,-122.216825,14468,161.0,0.0,94621
39.403217,-121.034486,8,1.0,713.0,
38.706906,-122.393997,10,1.0,214.0,
39.172726,-121.805819,14,1.0,117.0,
40.7290518,-122.8069563,10,1.0,887.0,96052
32.608865,-116.71966,15,1.0,325.0,91917
36.60076,-119.175485,13,1.0,541.0,
38.81782,-120.929272,74,2.0,216.0,95651
33.810743,-117.105415,960,15.0,489.0,92353
33.9598407,-118.2684904,19705,295.0,44.0,90003
38.299257,-120.626707,16,1.0,567.0,95245
34.0214108,-118.5062859,25176,253.0,77.0,90402
34.340222,-116.540435,11,1.0,1044.0,92285
38.01269700000001,-122.639598,3032,48.0,173.0,94973
35.24512,-118.9411,189,3.0,109.0,
34.473884,-118.797181,20,1.0,743.0,
40.674987,-124.231146,11,1.0,43.0,95551
38.085839,-120.37855,21,1.0,945.0,95310
37.274612,-122.23242,87,2.0,221.0,94020
34.2189597,-118.230913,13070,202.0,413.0,91046
38.73314499999999,-121.468174,1715,27.0,16.0,95626
37.36553,-120.160164,9,1.0,237.0,
40.045637,-122.184859,12,1.0,81.0,96035
39.128363,-122.849302,16,1.0,457.0,95464
36.7708458,-119.8350155,2614,28.0,96.0,93705
38.8335824,-122.7180443,17,1.0,734.0,96426
32.725583,-115.47268,189,3.0,-1.0,92249
38.61904900000002,-121.51755199999998,7143,39.0,4.0,95833
32.7220617,-117.1289514,12601,164.0,19.0,92102
37.114335,-122.237162,15,1.0,365.0,
40.322772,-123.920622,9,1.0,127.0,95554
38.936904,-120.772283,13,1.0,883.0,95634
38.282221,-121.924715,2800,44.0,20.0,94535
33.7906764,-118.3302815,16379,243.0,29.0,90505
37.991289,-120.262791,221,4.0,903.0,95372
39.344757,-121.264517,35,1.0,498.0,95962
40.654093,-121.822848,7,1.0,1093.0,
38.985882,-120.978665,173,3.0,611.0,95703
39.805588,-120.665978,6,1.0,1373.0,96103
39.108252,-123.645121,10,1.0,542.0,95432
33.9598714,-118.2544907,9881,100.0,46.0,90002
38.082829,-122.671527,1027,17.0,155.0,
32.67807,-116.306851,9,1.0,1166.0,91905
34.495537,-117.756645,7,1.0,1052.0,93544
33.0017251,-117.2358039,15909,231.0,45.0,92075
36.999336,-119.518794,12,1.0,343.0,93651
40.472423,-124.12184,14,1.0,269.0,
38.882973,-122.53272,133,3.0,403.0,95457
39.060921,-121.827155,7,1.0,10.0,95957
38.000494,-120.898152,7,1.0,94.0,
33.9342491,-118.2137411,8028,120.0,29.0,90262
37.3366639,-119.4198873,6,1.0,2357.0,93643
38.19262,-120.95782,16,1.0,97.0,95254
38.672591,-121.3583445,5566,76.0,35.0,95841
36.655353,-119.593861,174,3.0,104.0,93616
39.435211,-121.551925,6,1.0,48.0,95968
38.833555,-121.498099,9,1.0,11.0,95668
38.140366,-121.589783,63,1.0,-6.0,
34.2382595,-117.6576723,8,1.0,1566.0,91759
36.585446,-120.173897,6,1.0,54.0,93660
34.0277426,-118.2001058,13133,98.0,64.0,90023
37.5241511,-122.5163805,1686,27.0,20.0,94038
39.176595,-121.291692,12,1.0,269.0,95977
41.950683,-124.097094,6,1.0,313.0,
37.331113,-120.294817,11,1.0,78.0,93540
38.5523286,-121.454139,7485,78.0,12.0,95817
38.344946,-122.948799,99,2.0,73.0,94922
34.00363800000001,-118.30880600000002,30252,469.0,46.0,90008
37.9668564,-121.2747664,1636,14.0,7.0,95205
38.516474,-120.688517,30,1.0,811.0,95675
38.752774,-122.557196,144,3.0,378.0,
40.685336,-122.016069,8,1.0,506.0,96069
38.4672309,-123.0115548,218,4.0,200.0,95462
34.259272,-117.520971,2113,34.0,1531.0,
38.029069,-122.726523,281,5.0,229.0,94938
39.064446,-122.626701,14,1.0,366.0,95423
36.450225,-119.934478,9,1.0,63.0,93656
39.409686,-121.756653,61,1.0,25.0,
33.7753644,-117.8587436,22938,267.0,66.0,92686
38.995557,-121.353545,1640,26.0,40.0,95681
36.724723,-119.192779,23,1.0,746.0,93675
37.873793,-121.290146,1784,16.0,3.0,95231
34.1017778,-116.9662162,10,1.0,1598.0,92339
37.316807,-120.855753,56,1.0,28.0,95374
39.361097,-123.8086451,72,2.0,63.0,95420
36.7423058,-119.7709994,2216,9.0,104.0,93702
39.106099,-121.36818,45,1.0,48.0,95903
39.1140331,-120.158582,101,2.0,2385.0,96141
33.680226,-117.526144,1851,29.0,824.0,
36.304539,-119.204896,304,5.0,115.0,93223
38.855811,-121.182313,1517,14.0,156.0,95663
38.662983,-121.401113,4727,62.0,25.0,95652
37.331714,-122.341466,12,1.0,147.0,94074
38.227003,-120.514561,7,1.0,757.0,95246
36.047414,-119.344304,10,1.0,80.0,93272
38.17857,-122.88319,108,2.0,88.0,
39.432882,-121.261143,21,1.0,576.0,95919
38.065529,-120.170699,38,1.0,1405.0,95335
38.1038505,-122.2783418,3169,36.0,3.0,94592
40.82548599999999,-124.049485,257,5.0,102.0,
37.558453,-120.90988,1054,17.0,31.0,95328
36.95594,-119.335294,29,1.0,775.0,
34.1217115,-117.3235343,1346,5.0,358.0,92411
39.258198,-123.76156,107,2.0,171.0,95456
33.7215827,-118.0750655,10566,153.0,0.0,90742
37.470288,-120.671083,7,1.0,61.0,95303
39.224354,-121.151625,167,3.0,565.0,95975
33.9314082,-118.3431138,35150,487.0,26.0,90303
38.0557373,-122.2378442,3654,58.0,82.0,94525
36.313344,-119.708452,458,8.0,70.0,93202
34.2766714,-117.3129464,519,6.0,1767.0,92322
33.606232,-117.889651,12936,191.0,5.0,92662
36.503322,-119.286328,6,1.0,112.0,93615
38.433216,-122.869001,1860,28.0,33.0,95444
37.438672,-122.011582,23798,362.0,-3.0,95002
38.157794,-121.520223,27,1.0,-5.0,95690
38.156411,-121.1534949,359,6.0,30.0,95237
33.3276105,-116.8366001,58,1.0,1576.0,92060
38.97664,-123.604802,39,1.0,295.0,95459
37.914513,-122.64689,2871,45.0,174.0,94970
37.608303,-120.685156,140,3.0,69.0,95323
40.244215,-123.888871,8,1.0,406.0,95554
39.2481991,-120.0140101,72,2.0,2067.0,96143
38.490508,-121.284171,3430,54.0,38.0,95830
34.421964,-119.593483,1790,20.0,71.0,93067
39.2777164,-120.1467844,72,2.0,2081.0,96161
38.756184,-122.195438,12,1.0,235.0,
38.910748,-120.908621,63,1.0,573.0,95635
38.231547,-122.928226,45,1.0,50.0,94971
38.426699,-120.825717,83,2.0,319.0,95699
38.318624,-121.554752,26,1.0,-3.0,95615
36.82815,-121.776583,74,2.0,3.0,95039
39.3333915,-120.2907651,22,1.0,2163.0,95161
34.153159,-117.968818,7712,110.0,252.0,91010
39.038809,-120.97753,173,3.0,705.0,95736
32.846363,-116.557729,32,1.0,1240.0,91931
36.15118,-119.049222,64,1.0,132.0,93267
38.84223,-121.572164,9,1.0,5.0,95668
38.7064759,-120.0883019,7,1.0,2612.0,95646
37.833901,-122.165034,15353,240.0,276.0,94516
33.915839,-116.559873,1314,20.0,244.0,92258
34.2870428,-117.3590068,865,14.0,1564.0,92325
36.588003,-121.398912,53,1.0,409.0,
34.21474,-117.192326,1324,10.0,1215.0,92326
37.826372,-121.622546,3227,51.0,12.0,94514
38.0161184,-122.6618664,652,11.0,105.0,94963
37.2367221,-119.2383876,9,1.0,1515.0,93629
39.449004,-121.330521,108,2.0,535.0,95972
34.303939,-117.0131167,61,1.0,2269.0,
34.1614054,-116.8723226,120,2.0,2195.0,92305
39.186791,-123.558382,11,1.0,235.0,95463
32.9299275,-117.0010835,6202,93.0,316.0,92145
38.078402,-120.443443,83,2.0,598.0,
38.287346,-122.968556,126,2.0,151.0,94929
37.052216,-122.0736959,2998,31.0,140.0,95018
37.974295,-121.651441,3654,58.0,4.0,94548
38.193762,-120.875928,123,2.0,143.0,95225
39.379346,-121.19231,16,1.0,722.0,95935
38.38903,-121.500428,4234,67.0,3.0,95759
40.726752,-124.217378,14,1.0,0.0,95537
32.817225,-115.700076,167,3.0,-17.0,92244
35.403611,-118.756525,453,8.0,496.0,
32.5779888,-116.6284338,11,1.0,573.0,91980
41.544675,-122.934665,10,1.0,890.0,96037
36.803197,-120.018564,305,5.0,82.0,93606
38.732368,-121.810263,345,6.0,22.0,95697
39.184728,-122.969574,8,1.0,411.0,95493
38.379703,-120.448,10,1.0,963.0,95257
37.6336527,-122.400694,18559,200.0,-2.0,94128
38.0490224,-122.1971082,5285,83.0,112.0,94569
40.0326086,-122.1173598,12,1.0,65.0,96090
38.461425,-123.047186,216,4.0,14.0,95430
36.547067,-119.335641,107,2.0,113.0,93666
37.1024094,-122.1217967,2142,34.0,193.0,95007
38.524077,-122.968774,258,5.0,183.0,95471
37.943257,-122.492151,7803,82.0,15.0,94964
38.240419,-121.587535,43,1.0,-4.0,95680
37.63929,-120.903049,1131,18.0,35.0,95319
38.436774,-120.857624,41,1.0,206.0,95699
37.2740936,-122.2852649,96,2.0,127.0,94021
37.2274582,-121.7525424,3085,10.0,76.0,95139
38.549422,-122.476382,387,7.0,228.0,94576
34.022826,-118.2920912,21239,317.0,67.0,90007
39.2777164,-120.1467844,72,2.0,2056.0,96161
36.389827,-119.219896,304,5.0,114.0,93235
38.4672309,-123.0115548,218,4.0,40.0,95462
34.2189597,-118.230913,14117,218.0,385.0,91046
34.1770427,-119.2162359,2454,37.0,8.0,93041
34.2351727,-118.5277448,17770,225.0,279.0,91330
37.840961,-122.109502,11582,181.0,191.0,94575
