Vehicles Nearby,Vehicles Nearby.1,Required Chargers,DC Fast Count,vehiclesToBeCharged,text,label,Utilization Rate
8727.0,8727.0,137.0,2,8896.0,,1,101.93651884954737
421.0,421.0,5.0,12,1088.0,,3,258.43230403800476
132.0,132.0,3.0,1,256.0,,3,193.93939393939394
9475.0,9475.0,144.0,1,9280.0,,1,97.94195250659631
2888.0,2888.0,37.0,2,2496.0,,4,86.42659279778393
379.0,379.0,6.0,2,512.0,,0,135.09234828496042
798.0,798.0,13.0,1,896.0,,0,112.28070175438596
673.0,673.0,5.0,1,384.0,,4,57.05794947994056
635.0,635.0,4.0,1,320.0,,4,50.39370078740157
4915.0,4915.0,73.0,1,4736.0,,1,96.35808748728383
628.0,628.0,10.0,1,704.0,,0,112.10191082802548
1767.0,1767.0,14.0,1,960.0,,4,54.32937181663837
1898.0,1898.0,25.0,1,1664.0,,4,87.67123287671232
188.0,188.0,3.0,1,256.0,,0,136.17021276595744
24453.0,24453.0,337.0,1,21632.0,,4,88.4635832004253
12176.0,12176.0,162.0,1,10432.0,,4,85.67674113009198
19805.0,19805.0,297.0,1,19072.0,,1,96.29891441555162
6697.0,6697.0,95.0,2,6208.0,,1,92.69822308496342
184.0,184.0,3.0,1,256.0,,0,139.1304347826087
18.0,18.0,1.0,2,192.0,,3,1066.6666666666665
1798.0,1798.0,29.0,1,1920.0,,1,106.7853170189099
1809.0,1809.0,29.0,1,1920.0,,1,106.13598673300166
7460.0,7460.0,106.0,1,6848.0,,1,91.79624664879357
304.0,304.0,5.0,1,384.0,,0,126.3157894736842
12287.0,12287.0,177.0,1,11392.0,,1,92.71587857084724
5811.0,5811.0,84.0,1,5440.0,,1,93.61555670280502
2138.0,2138.0,34.0,1,2240.0,,1,104.7708138447147
15635.0,15635.0,209.0,1,13440.0,,4,85.96098496961945
320.0,320.0,3.0,1,256.0,,4,80.0
3496.0,3496.0,55.0,1,3584.0,,1,102.51716247139588
2452.0,2452.0,15.0,1,1024.0,,2,41.76182707993475
386.0,386.0,7.0,1,512.0,,0,132.64248704663214
321.0,321.0,6.0,1,448.0,,0,139.5638629283489
1744.0,1744.0,28.0,1,1856.0,,1,106.42201834862387
2024.0,2024.0,15.0,3,1152.0,,4,56.916996047430835
78.0,78.0,2.0,1,192.0,,3,246.15384615384616
1374.0,1374.0,8.0,1,576.0,,2,41.92139737991266
2770.0,2770.0,44.0,2,2944.0,,1,106.28158844765343
22855.0,22855.0,317.0,1,20352.0,,4,89.0483482826515
18484.0,18484.0,213.0,1,13696.0,,4,74.09651590564813
574.0,574.0,9.0,1,640.0,,0,111.49825783972125
20184.0,20184.0,286.0,1,18368.0,,1,91.00277447483155
1645.0,1645.0,10.0,1,704.0,,2,42.796352583586625
18717.0,18717.0,271.0,1,17408.0,,1,93.00635785649409
1682.0,1682.0,19.0,1,1280.0,,4,76.09988109393579
82.0,82.0,2.0,1,192.0,,3,234.14634146341461
461.0,461.0,8.0,1,576.0,,0,124.94577006507592
334.0,334.0,6.0,2,512.0,,3,153.2934131736527
664.0,664.0,11.0,1,768.0,,0,115.66265060240963
7551.0,7551.0,35.0,1,2304.0,,2,30.512514898688913
1383.0,1383.0,18.0,1,1216.0,,4,87.92480115690527
28726.0,28726.0,408.0,2,26240.0,,1,91.34581911856854
6280.0,6280.0,84.0,1,5440.0,,4,86.62420382165605
7520.0,7520.0,88.0,1,5696.0,,4,75.74468085106383
3945.0,3945.0,62.0,1,4032.0,,1,102.20532319391636
212.0,212.0,1.0,1,128.0,,4,60.37735849056604
10516.0,10516.0,106.0,1,6848.0,,4,65.11981742107265
11862.0,11862.0,170.0,1,10944.0,,1,92.26100151745068
453.0,453.0,8.0,1,576.0,,0,127.15231788079471
6230.0,6230.0,58.0,1,3776.0,,4,60.609951845906906
3329.0,3329.0,46.0,1,3008.0,,1,90.35746470411536
5107.0,5107.0,80.0,2,5248.0,,1,102.76091638926962
31288.0,31288.0,487.0,1,31232.0,,1,99.82101764254666
5377.0,5377.0,85.0,1,5504.0,,1,102.3619118467547
74.0,74.0,2.0,1,192.0,,3,259.4594594594595
78.0,78.0,2.0,2,256.0,,3,328.2051282051282
3030.0,3030.0,44.0,2,2944.0,,1,97.16171617161716
4533.0,4533.0,67.0,1,4352.0,,1,96.00705934259872
110.0,110.0,2.0,1,192.0,,3,174.54545454545453
458.0,458.0,6.0,1,448.0,,1,97.81659388646288
17571.0,17571.0,255.0,1,16384.0,,1,93.24455068009789
936.0,936.0,15.0,1,1024.0,,1,109.40170940170941
512.0,512.0,8.0,2,640.0,,0,125.0
1013.0,1013.0,16.0,2,1152.0,,0,113.72161895360315
4891.0,4891.0,73.0,3,4864.0,,1,99.44796565119609
740.0,740.0,12.0,6,1152.0,,3,155.67567567567568
3061.0,3061.0,48.0,1,3136.0,,1,102.45017967984317
1404.0,1404.0,7.0,1,512.0,,2,36.46723646723647
2036.0,2036.0,32.0,1,2112.0,,1,103.7328094302554
20797.0,20797.0,295.0,6,19264.0,,1,92.62874453046112
620.0,620.0,10.0,1,704.0,,0,113.54838709677419
38.0,38.0,1.0,1,128.0,,3,336.84210526315786
6673.0,6673.0,105.0,1,6784.0,,1,101.66341975123632
559.0,559.0,9.0,4,832.0,,0,148.8372093023256
4130.0,4130.0,65.0,1,4224.0,,1,102.27602905569006
278.0,278.0,5.0,1,384.0,,0,138.1294964028777
2075.0,2075.0,33.0,1,2176.0,,1,104.86746987951807
1851.0,1851.0,29.0,1,1920.0,,1,103.72771474878444
124.0,124.0,2.0,1,192.0,,3,154.83870967741936
2048.0,2048.0,32.0,4,2304.0,,0,112.5
12725.0,12725.0,163.0,4,10688.0,,4,83.99214145383104
1298.0,1298.0,19.0,8,1728.0,,0,133.12788906009246
5071.0,5071.0,48.0,3,3264.0,,4,64.36600276079669
452.0,452.0,8.0,1,576.0,,0,127.43362831858407
2159.0,2159.0,34.0,1,2240.0,,1,103.75173691523854
1087.0,1087.0,17.0,1,1152.0,,1,105.97976080956761
1200.0,1200.0,19.0,1,1280.0,,1,106.66666666666667
2694.0,2694.0,43.0,1,2816.0,,1,104.52858203414996
79.0,79.0,2.0,1,192.0,,3,243.03797468354432
2885.0,2885.0,20.0,2,1408.0,,2,48.80415944540728
1273.0,1273.0,8.0,1,576.0,,2,45.247446975648074
10457.0,10457.0,140.0,8,9472.0,,1,90.58047241082528
3099.0,3099.0,47.0,68,7360.0,,3,237.49596644078736
7117.0,7117.0,112.0,10,7808.0,,1,109.70914711254743
14346.0,14346.0,225.0,16,15424.0,,1,107.51428969747666
4043.0,4043.0,26.0,20,2944.0,,4,72.81721493940142
19181.0,19181.0,205.0,20,14400.0,,4,75.0742922683906
901.0,901.0,15.0,10,1600.0,,3,177.58046614872364
5916.0,5916.0,87.0,16,6592.0,,0,111.42663962136578
949.0,949.0,15.0,18,2112.0,,3,222.55005268703897
44.0,44.0,1.0,19,1280.0,,3,2909.090909090909
19108.0,19108.0,283.0,8,18624.0,,1,97.46702951643292
185.0,185.0,3.0,6,576.0,,3,311.35135135135135
19779.0,19779.0,294.0,16,19840.0,,1,100.30840790737652
15.0,15.0,1.0,10,704.0,,3,4693.333333333333
16455.0,16455.0,231.0,12,15552.0,,1,94.5123062898815
1257.0,1257.0,20.0,12,2048.0,,3,162.92760540970565
1881.0,1881.0,30.0,14,2816.0,,0,149.70760233918128
14498.0,14498.0,222.0,20,15488.0,,1,106.82852807283763
506.0,506.0,8.0,10,1152.0,,3,227.66798418972334
102.0,102.0,2.0,8,640.0,,3,627.4509803921569
989.0,989.0,16.0,12,1792.0,,3,181.19312436804853
58.0,58.0,1.0,8,576.0,,3,993.1034482758621
20862.0,20862.0,302.0,4,19584.0,,1,93.87402933563416
12360.0,12360.0,183.0,30,13632.0,,0,110.29126213592232
105.0,105.0,2.0,16,1152.0,,3,1097.142857142857
11923.0,11923.0,182.0,12,12416.0,,1,104.1348653862283
1072.0,1072.0,17.0,12,1856.0,,3,173.13432835820893
201.0,201.0,4.0,10,896.0,,3,445.771144278607
6387.0,6387.0,73.0,16,5696.0,,4,89.18114920933145
1415.0,1415.0,13.0,20,2112.0,,0,149.25795053003534
518.0,518.0,9.0,7,1024.0,,3,197.6833976833977
5944.0,5944.0,68.0,20,5632.0,,1,94.75100942126514
7925.0,7925.0,90.0,46,8704.0,,1,109.82965299684541
526.0,526.0,9.0,4,832.0,,3,158.17490494296578
173.0,173.0,3.0,40,2752.0,,3,1590.7514450867052
53.0,53.0,1.0,21,1408.0,,3,2656.603773584906
4673.0,4673.0,70.0,24,6016.0,,0,128.73956772950993
63.0,63.0,1.0,16,1088.0,,3,1726.984126984127
11832.0,11832.0,185.0,8,12352.0,,1,104.39486139283301
2010.0,2010.0,22.0,20,2688.0,,0,133.7313432835821
2304.0,2304.0,36.0,12,3072.0,,0,133.33333333333331
633.0,633.0,10.0,14,1536.0,,3,242.65402843601896
73.0,73.0,2.0,16,1152.0,,3,1578.0821917808219
14536.0,14536.0,228.0,4,14848.0,,1,102.14639515685195
2700.0,2700.0,7.0,12,1216.0,,2,45.03703703703704
1528.0,1528.0,22.0,12,2176.0,,0,142.40837696335078
75.0,75.0,2.0,4,384.0,,3,512.0
44.0,44.0,1.0,20,1344.0,,3,3054.5454545454545
337.0,337.0,4.0,20,1536.0,,3,455.78635014836794
1611.0,1611.0,26.0,12,2432.0,,3,150.9621353196772
6740.0,6740.0,83.0,8,5824.0,,4,86.40949554896142
319.0,319.0,5.0,24,1856.0,,3,581.8181818181819
1340.0,1340.0,21.0,18,2496.0,,3,186.2686567164179
16.0,16.0,1.0,7,512.0,,3,3200.0
384.0,384.0,6.0,10,1024.0,,3,266.66666666666663
318.0,318.0,1.0,14,960.0,,3,301.8867924528302
3783.0,3783.0,58.0,14,4608.0,,0,121.80808881839809
1670.0,1670.0,27.0,19,2944.0,,3,176.2874251497006
1634.0,1634.0,24.0,49,4672.0,,3,285.9241126070991
1734.0,1734.0,26.0,12,2432.0,,0,140.25374855824683
2874.0,2874.0,45.0,16,3904.0,,0,135.83855254001392
13291.0,13291.0,183.0,7,12160.0,,1,91.49048228124295
1946.0,1946.0,31.0,18,3136.0,,3,161.15107913669064
6312.0,6312.0,93.0,8,6464.0,,1,102.40811153358682
108.0,108.0,2.0,12,896.0,,3,829.6296296296296
310.0,310.0,5.0,6,704.0,,3,227.09677419354838
768.0,768.0,12.0,10,1408.0,,3,183.33333333333331
10897.0,10897.0,142.0,10,9728.0,,4,89.27227677342387
822.0,822.0,3.0,8,704.0,,4,85.64476885644768
583.0,583.0,10.0,11,1344.0,,3,230.53173241852488
31449.0,31449.0,458.0,8,29824.0,,1,94.83290406690197
2574.0,2574.0,41.0,8,3136.0,,0,121.83372183372182
1215.0,1215.0,19.0,16,2240.0,,3,184.3621399176955
1597.0,1597.0,25.0,32,3648.0,,3,228.42830306825297
222.0,222.0,4.0,22,1664.0,,3,749.5495495495495
10159.0,10159.0,145.0,19,10496.0,,1,103.31725563539717
5601.0,5601.0,83.0,2,5440.0,,1,97.12551330119622
55.0,55.0,1.0,40,2624.0,,3,4770.909090909091
79.0,79.0,2.0,20,1408.0,,3,1782.2784810126582
5152.0,5152.0,76.0,12,5632.0,,1,109.3167701863354
3382.0,3382.0,45.0,1,2944.0,,4,87.04908338261383
4132.0,4132.0,65.0,4,4416.0,,1,106.87318489835431
440.0,440.0,7.0,12,1216.0,,3,276.3636363636364
4966.0,4966.0,78.0,20,6272.0,,0,126.29883205799437
8846.0,8846.0,135.0,24,10176.0,,0,115.03504408772326
6.0,6.0,1.0,16,1088.0,,3,18133.333333333336
98.0,98.0,2.0,24,1664.0,,3,1697.9591836734694
387.0,387.0,7.0,16,1472.0,,3,380.3617571059431
11473.0,11473.0,169.0,24,12352.0,,1,107.6614660507278
110.0,110.0,2.0,16,1152.0,,3,1047.2727272727273
668.0,668.0,7.0,48,3520.0,,3,526.9461077844311
1389.0,1389.0,22.0,1,1472.0,,1,105.97552195824333
2227.0,2227.0,35.0,10,2880.0,,0,129.32195779074988
359.0,359.0,6.0,16,1408.0,,3,392.20055710306406
39.0,39.0,1.0,1,128.0,,3,328.2051282051282
397.0,397.0,7.0,2,576.0,,0,145.088161209068
4009.0,4009.0,63.0,6,4416.0,,0,110.15215764529809
70.0,70.0,2.0,2,256.0,,3,365.7142857142857
706.0,706.0,12.0,4,1024.0,,0,145.04249291784703
17221.0,17221.0,203.0,10,13632.0,,4,79.15916613437084
12.0,12.0,1.0,3,256.0,,3,2133.333333333333
14834.0,14834.0,227.0,2,14656.0,,1,98.80005393016044
6613.0,6613.0,104.0,1,6720.0,,1,101.61802510207167
1106.0,1106.0,18.0,1,1216.0,,1,109.94575045207957
93.0,93.0,2.0,10,768.0,,3,825.8064516129032
56.0,56.0,1.0,10,704.0,,3,1257.142857142857
5457.0,5457.0,69.0,12,5184.0,,1,94.99725123694338
9944.0,9944.0,156.0,26,11648.0,,0,117.13596138374899
20.0,20.0,1.0,10,704.0,,3,3520.0000000000005
57.0,57.0,1.0,26,1728.0,,3,3031.578947368421
1370.0,1370.0,22.0,20,2688.0,,3,196.20437956204378
13805.0,13805.0,212.0,24,15104.0,,1,109.40963419051069
6651.0,6651.0,80.0,3,5312.0,,4,79.86768906931289
8.0,8.0,1.0,4,320.0,,3,4000.0
1260.0,1260.0,12.0,1,832.0,,4,66.03174603174602
700.0,700.0,11.0,1,768.0,,1,109.71428571428572
43.0,43.0,1.0,3,256.0,,3,595.3488372093024
33.0,33.0,1.0,10,704.0,,3,2133.333333333333
817.0,817.0,13.0,4,1088.0,,0,133.1701346389229
5158.0,5158.0,81.0,6,5568.0,,1,107.94881737107407
617.0,617.0,6.0,3,576.0,,1,93.354943273906
374.0,374.0,6.0,1,448.0,,0,119.78609625668449
854.0,854.0,14.0,3,1088.0,,0,127.40046838407495
28728.0,28728.0,441.0,3,28416.0,,1,98.9139515455305
21154.0,21154.0,331.0,1,21248.0,,1,100.4443604046516
17166.0,17166.0,255.0,8,16832.0,,1,98.05429337061634
5440.0,5440.0,81.0,1,5248.0,,1,96.47058823529412
246.0,246.0,4.0,4,512.0,,3,208.13008130081303
12320.0,12320.0,188.0,4,12288.0,,1,99.74025974025975
8912.0,8912.0,95.0,3,6272.0,,4,70.3770197486535
1421.0,1421.0,23.0,1,1536.0,,1,108.09289232934553
1522.0,1522.0,24.0,1,1600.0,,1,105.12483574244416
502.0,502.0,8.0,3,704.0,,0,140.2390438247012
599.0,599.0,1.0,3,256.0,,2,42.73789649415693
57.0,57.0,1.0,4,320.0,,3,561.4035087719298
585.0,585.0,7.0,4,704.0,,0,120.34188034188034
391.0,391.0,7.0,1,512.0,,0,130.9462915601023
191.0,191.0,3.0,4,448.0,,3,234.5549738219895
212.0,212.0,3.0,1,256.0,,0,120.75471698113208
531.0,531.0,9.0,3,768.0,,0,144.63276836158192
20991.0,20991.0,324.0,3,20928.0,,1,99.69987137344576
7138.0,7138.0,83.0,1,5376.0,,4,75.31521434575511
246.0,246.0,4.0,3,448.0,,3,182.11382113821136
7047.0,7047.0,102.0,4,6784.0,,1,96.26791542500355
73.0,73.0,2.0,4,384.0,,3,526.0273972602739
35.0,35.0,1.0,6,448.0,,3,1280.0
3223.0,3223.0,51.0,4,3520.0,,1,109.21501706484642
336.0,336.0,6.0,1,448.0,,0,133.33333333333331
1141.0,1141.0,18.0,20,2432.0,,3,213.14636283961437
288.0,288.0,5.0,10,960.0,,3,333.33333333333337
8731.0,8731.0,114.0,8,7808.0,,4,89.4284732562135
11893.0,11893.0,171.0,18,12096.0,,1,101.70688640376693
1109.0,1109.0,6.0,20,1664.0,,3,150.04508566275925
958.0,958.0,3.0,12,960.0,,1,100.20876826722338
667.0,667.0,11.0,24,2240.0,,3,335.832083958021
23801.0,23801.0,330.0,16,22144.0,,1,93.03810764253603
166.0,166.0,3.0,8,704.0,,3,424.0963855421687
1978.0,1978.0,31.0,5,2304.0,,0,116.48129423660262
2482.0,2482.0,35.0,20,3520.0,,0,141.8211120064464
78.0,78.0,2.0,16,1152.0,,3,1476.923076923077
11216.0,11216.0,155.0,12,10688.0,,1,95.29243937232525
701.0,701.0,11.0,24,2240.0,,3,319.5435092724679
805.0,805.0,13.0,12,1600.0,,3,198.75776397515529
308.0,308.0,5.0,10,960.0,,3,311.6883116883117
1425.0,1425.0,15.0,24,2496.0,,3,175.1578947368421
260.0,260.0,5.0,12,1088.0,,3,418.4615384615385
320.0,320.0,5.0,12,1088.0,,3,340.0
7590.0,7590.0,91.0,6,6208.0,,4,81.79183135704875
11811.0,11811.0,169.0,18,11968.0,,1,101.32926932520532
6407.0,6407.0,101.0,20,7744.0,,0,120.86780084282816
16877.0,16877.0,256.0,18,17536.0,,1,103.90472240327074
1508.0,1508.0,24.0,18,2688.0,,3,178.24933687002653
444.0,444.0,7.0,4,704.0,,3,158.55855855855856
227.0,227.0,4.0,3,448.0,,3,197.3568281938326
189.0,189.0,3.0,3,384.0,,3,203.17460317460316
2192.0,2192.0,33.0,4,2368.0,,1,108.02919708029196
167.0,167.0,3.0,3,384.0,,3,229.94011976047904
338.0,338.0,6.0,3,576.0,,3,170.41420118343197
8365.0,8365.0,105.0,8,7232.0,,4,86.45546921697549
487.0,487.0,8.0,3,704.0,,0,144.55852156057495
105.0,105.0,2.0,1,192.0,,3,182.85714285714286
33.0,33.0,1.0,3,256.0,,3,775.7575757575758
2454.0,2454.0,39.0,1,2560.0,,1,104.31947840260798
683.0,683.0,11.0,12,1472.0,,3,215.51976573938506
12968.0,12968.0,191.0,20,13504.0,,1,104.13325107958052
1527.0,1527.0,24.0,20,2816.0,,3,184.41388343156515
501.0,501.0,8.0,18,1664.0,,3,332.13572854291414
929.0,929.0,15.0,20,2240.0,,3,241.1194833153929
1234.0,1234.0,20.0,8,1792.0,,0,145.2188006482982
759.0,759.0,6.0,20,1664.0,,3,219.23583662714097
205.0,205.0,4.0,1,320.0,,3,156.09756097560975
183.0,183.0,3.0,3,384.0,,3,209.8360655737705
12089.0,12089.0,178.0,4,11648.0,,1,96.35205558772438
37354.0,37354.0,568.0,4,36608.0,,1,98.0028912566258
166.0,166.0,3.0,3,384.0,,3,231.32530120481925
6526.0,6526.0,93.0,3,6144.0,,1,94.14649095923996
20487.0,20487.0,288.0,6,18816.0,,1,91.84360814174842
8956.0,8956.0,118.0,3,7744.0,,4,86.4671728450201
463.0,463.0,8.0,2,640.0,,0,138.22894168466522
8864.0,8864.0,138.0,3,9024.0,,1,101.80505415162455
258.0,258.0,5.0,3,512.0,,3,198.4496124031008
539.0,539.0,6.0,12,1152.0,,3,213.7291280148423
216.0,216.0,4.0,1,320.0,,0,148.14814814814815
18952.0,18952.0,289.0,10,19136.0,,1,100.97087378640776
18505.0,18505.0,220.0,4,14336.0,,4,77.47095379627127
7361.0,7361.0,116.0,6,7808.0,,1,106.0725444912376
12318.0,12318.0,179.0,3,11648.0,,1,94.56080532553986
1916.0,1916.0,30.0,2,2048.0,,1,106.88935281837159
4240.0,4240.0,2.0,2,256.0,,2,6.037735849056604
6389.0,6389.0,100.0,1,6464.0,,1,101.17389262795429
2146.0,2146.0,32.0,2,2176.0,,1,101.39794967381175
13215.0,13215.0,201.0,2,12992.0,,1,98.31252364737041
63.0,63.0,1.0,8,576.0,,3,914.2857142857142
23925.0,23925.0,365.0,4,23616.0,,1,98.70846394984326
476.0,476.0,8.0,2,640.0,,0,134.45378151260505
137.0,137.0,3.0,19,1408.0,,3,1027.7372262773722
6133.0,6133.0,78.0,4,5248.0,,4,85.56986792760476
345.0,345.0,6.0,4,640.0,,3,185.5072463768116
21479.0,21479.0,288.0,1,18496.0,,4,86.11201638810002
27.0,27.0,1.0,3,256.0,,3,948.148148148148
10415.0,10415.0,163.0,3,10624.0,,1,102.00672107537206
75.0,75.0,2.0,1,192.0,,3,256.0
21642.0,21642.0,301.0,1,19328.0,,4,89.30782737270123
110.0,110.0,2.0,1,192.0,,3,174.54545454545453
18344.0,18344.0,241.0,1,15488.0,,4,84.43087658089838
17620.0,17620.0,233.0,4,15168.0,,4,86.08399545970488
133.0,133.0,3.0,3,384.0,,3,288.72180451127815
4313.0,4313.0,68.0,3,4544.0,,1,105.35590076512868
166.0,166.0,3.0,3,384.0,,3,231.32530120481925
1509.0,1509.0,8.0,3,704.0,,2,46.653412856196155
21.0,21.0,1.0,2,192.0,,3,914.2857142857142
247.0,247.0,4.0,2,384.0,,3,155.4655870445344
20660.0,20660.0,250.0,2,16128.0,,4,78.06389157792837
51.0,51.0,1.0,3,256.0,,3,501.96078431372547
89.0,89.0,2.0,3,320.0,,3,359.5505617977528
148.0,148.0,3.0,14,1088.0,,3,735.1351351351352
14159.0,14159.0,155.0,24,11456.0,,4,80.90966876191821
1010.0,1010.0,2.0,6,512.0,,4,50.693069306930695
25538.0,25538.0,309.0,24,21312.0,,4,83.45211058031168
107.0,107.0,2.0,16,1152.0,,3,1076.6355140186915
6898.0,6898.0,104.0,12,7424.0,,1,107.62539866628009
14915.0,14915.0,180.0,24,13056.0,,4,87.53603754609453
4612.0,4612.0,73.0,4,4928.0,,1,106.85169124024286
10699.0,10699.0,113.0,3,7424.0,,4,69.38966258528835
208.0,208.0,4.0,1,320.0,,3,153.84615384615387
12094.0,12094.0,141.0,6,9408.0,,4,77.7906399867703
6754.0,6754.0,87.0,16,6592.0,,1,97.60142137992301
117.0,117.0,2.0,8,640.0,,3,547.008547008547
6336.0,6336.0,64.0,3,4288.0,,4,67.67676767676768
7092.0,7092.0,96.0,20,7424.0,,1,104.68133107727016
13706.0,13706.0,205.0,4,13376.0,,1,97.59229534510433
2054.0,2054.0,29.0,6,2240.0,,1,109.05550146056476
4075.0,4075.0,64.0,4,4352.0,,1,106.79754601226993
2833.0,2833.0,44.0,3,3008.0,,1,106.17719731733143
5102.0,5102.0,76.0,20,6144.0,,0,120.42336338690708
5510.0,5510.0,86.0,16,6528.0,,0,118.47549909255899
17.0,17.0,1.0,4,320.0,,3,1882.3529411764707
100.0,100.0,2.0,2,256.0,,3,256.0
891.0,891.0,14.0,3,1088.0,,0,122.10998877665544
1770.0,1770.0,28.0,3,1984.0,,0,112.090395480226
12484.0,12484.0,177.0,2,11456.0,,1,91.76545978852931
3987.0,3987.0,51.0,1,3328.0,,4,83.47128166541259
4493.0,4493.0,69.0,1,4480.0,,1,99.71066102826619
16708.0,16708.0,242.0,4,15744.0,,1,94.23030883409146
32.0,32.0,1.0,2,192.0,,3,600.0
25277.0,25277.0,372.0,1,23872.0,,1,94.4415872136725
3465.0,3465.0,55.0,4,3776.0,,1,108.97546897546897
4676.0,4676.0,74.0,4,4992.0,,1,106.7579127459367
27626.0,27626.0,428.0,10,28032.0,,1,101.4696300586404
126.0,126.0,2.0,1,192.0,,3,152.38095238095238
118.0,118.0,2.0,8,640.0,,3,542.3728813559321
91.0,91.0,2.0,4,384.0,,3,421.978021978022
3263.0,3263.0,35.0,3,2432.0,,4,74.53263867606496
3526.0,3526.0,56.0,20,4864.0,,0,137.94668179239932
54.0,54.0,1.0,12,832.0,,3,1540.7407407407406
341.0,341.0,6.0,4,640.0,,3,187.683284457478
7659.0,7659.0,120.0,3,7872.0,,1,102.7810419114767
217.0,217.0,4.0,1,320.0,,0,147.46543778801845
20079.0,20079.0,281.0,1,18048.0,,4,89.8849544300015
75.0,75.0,2.0,1,192.0,,3,256.0
9347.0,9347.0,125.0,10,8640.0,,1,92.43607574622874
23.0,23.0,1.0,6,448.0,,3,1947.826086956522
4974.0,4974.0,70.0,3,4672.0,,1,93.92842782468837
220.0,220.0,4.0,4,512.0,,3,232.72727272727272
189.0,189.0,3.0,8,704.0,,3,372.48677248677245
72.0,72.0,2.0,4,384.0,,3,533.3333333333333
3112.0,3112.0,9.0,8,1088.0,,2,34.96143958868895
3090.0,3090.0,49.0,2,3264.0,,1,105.63106796116506
34.0,34.0,1.0,1,128.0,,3,376.4705882352941
7720.0,7720.0,117.0,12,8256.0,,1,106.94300518134713
12007.0,12007.0,188.0,22,13440.0,,0,111.93470475555927
36.0,36.0,1.0,12,832.0,,3,2311.111111111111
25.0,25.0,1.0,16,1088.0,,3,4352.0
4972.0,4972.0,78.0,10,5632.0,,0,113.27433628318585
31.0,31.0,1.0,1,128.0,,3,412.9032258064516
2764.0,2764.0,8.0,16,1536.0,,4,55.571635311143275
6.0,6.0,1.0,1,128.0,,3,2133.333333333333
13361.0,13361.0,197.0,1,12672.0,,1,94.84320035925454
10.0,10.0,1.0,1,128.0,,3,1280.0
559.0,559.0,9.0,1,640.0,,0,114.4901610017889
90.0,90.0,2.0,1,192.0,,3,213.33333333333334
65.0,65.0,2.0,1,192.0,,3,295.3846153846154
2315.0,2315.0,29.0,1,1920.0,,4,82.93736501079914
3038.0,3038.0,48.0,1,3136.0,,1,103.2258064516129
3829.0,3829.0,59.0,1,3840.0,,1,100.2872812744842
263.0,263.0,5.0,1,384.0,,0,146.00760456273764
10408.0,10408.0,125.0,1,8064.0,,4,77.47886241352806
7334.0,7334.0,93.0,1,6016.0,,4,82.02890646304881
54.0,54.0,1.0,1,128.0,,3,237.037037037037
299.0,299.0,5.0,1,384.0,,0,128.42809364548495
2985.0,2985.0,3.0,1,256.0,,2,8.576214405360135
21693.0,21693.0,339.0,1,21760.0,,1,100.30885539114
4635.0,4635.0,73.0,1,4736.0,,1,102.17907227615966
8021.0,8021.0,125.0,1,8064.0,,1,100.53609275651414
348.0,348.0,4.0,1,320.0,,1,91.95402298850574
7581.0,7581.0,113.0,1,7296.0,,1,96.2406015037594
8323.0,8323.0,130.0,1,8384.0,,1,100.73290880692059
41613.0,41613.0,629.0,1,40320.0,,1,96.89279792372577
11538.0,11538.0,122.0,1,7872.0,,4,68.22672906916276
71.0,71.0,2.0,1,192.0,,3,270.4225352112676
38.0,38.0,1.0,1,128.0,,3,336.84210526315786
250.0,250.0,4.0,1,320.0,,0,128.0
167.0,167.0,3.0,1,256.0,,3,153.2934131736527
3835.0,3835.0,58.0,1,3776.0,,1,98.46153846153847
5667.0,5667.0,89.0,1,5760.0,,1,101.64107993647433
17951.0,17951.0,210.0,1,13504.0,,4,75.22700685198596
189.0,189.0,3.0,1,256.0,,0,135.44973544973544
12231.0,12231.0,170.0,1,10944.0,,4,89.47755702722591
21635.0,21635.0,335.0,1,21504.0,,1,99.3944996533395
672.0,672.0,3.0,1,256.0,,2,38.095238095238095
33885.0,33885.0,477.0,1,30592.0,,1,90.28183562048105
6473.0,6473.0,94.0,1,6080.0,,1,93.92862660281168
147.0,147.0,3.0,1,256.0,,3,174.14965986394557
10126.0,10126.0,159.0,1,10240.0,,1,101.12581473434723
6303.0,6303.0,57.0,1,3712.0,,4,58.892590829763606
9528.0,9528.0,129.0,1,8320.0,,4,87.3215785054576
15.0,15.0,1.0,1,128.0,,3,853.3333333333334
764.0,764.0,12.0,1,832.0,,1,108.90052356020942
234.0,234.0,4.0,1,320.0,,0,136.75213675213675
97.0,97.0,2.0,1,192.0,,3,197.93814432989691
706.0,706.0,12.0,1,832.0,,0,117.8470254957507
14976.0,14976.0,230.0,1,14784.0,,1,98.71794871794873
35917.0,35917.0,474.0,1,30400.0,,4,84.63958571150152
257.0,257.0,3.0,1,256.0,,1,99.61089494163424
19.0,19.0,1.0,1,128.0,,3,673.6842105263157
1798.0,1798.0,13.0,1,896.0,,2,49.83314794215795
5207.0,5207.0,80.0,1,5184.0,,1,99.5582869214519
21477.0,21477.0,323.0,12,21440.0,,1,99.82772268007636
1045.0,1045.0,17.0,20,2368.0,,3,226.60287081339715
4893.0,4893.0,38.0,3,2624.0,,4,53.627631310034744
114.0,114.0,2.0,4,384.0,,3,336.84210526315786
35.0,35.0,1.0,3,256.0,,3,731.4285714285714
1770.0,1770.0,28.0,2,1920.0,,1,108.47457627118644
58.0,58.0,1.0,1,128.0,,3,220.68965517241378
4874.0,4874.0,77.0,1,4992.0,,1,102.4210094378334
14126.0,14126.0,200.0,1,12864.0,,1,91.0661192127991
53.0,53.0,1.0,1,128.0,,3,241.50943396226415
1341.0,1341.0,21.0,4,1600.0,,0,119.31394481730054
178.0,178.0,3.0,1,256.0,,0,143.82022471910113
24106.0,24106.0,327.0,2,21056.0,,4,87.34754832821704
38.0,38.0,1.0,2,192.0,,3,505.2631578947368
113.0,113.0,2.0,2,256.0,,3,226.5486725663717
71.0,71.0,2.0,20,1408.0,,3,1983.0985915492956
88.0,88.0,2.0,1,192.0,,3,218.18181818181816
20357.0,20357.0,292.0,14,19584.0,,1,96.20278037038857
42.0,42.0,1.0,2,192.0,,3,457.1428571428571
29.0,29.0,1.0,12,832.0,,3,2868.9655172413795
8659.0,8659.0,56.0,4,3840.0,,2,44.34692227739924
98.0,98.0,2.0,4,384.0,,3,391.83673469387753
23.0,23.0,1.0,4,320.0,,3,1391.304347826087
67.0,67.0,2.0,16,1152.0,,3,1719.402985074627
3372.0,3372.0,22.0,16,2432.0,,4,72.12336892052194
136.0,136.0,3.0,1,256.0,,3,188.23529411764704
39957.0,39957.0,596.0,2,38272.0,,1,95.78296668919089
2426.0,2426.0,38.0,1,2496.0,,1,102.88540807914262
205.0,205.0,4.0,3,448.0,,3,218.53658536585368
36.0,36.0,1.0,1,128.0,,3,355.55555555555554
19193.0,19193.0,247.0,4,16064.0,,4,83.6971812640025
3275.0,3275.0,42.0,1,2752.0,,4,84.03053435114504
7489.0,7489.0,94.0,3,6208.0,,4,82.89491253838965
11777.0,11777.0,175.0,16,12224.0,,1,103.79553366731767
78.0,78.0,2.0,4,384.0,,3,492.3076923076923
14948.0,14948.0,149.0,3,9728.0,,4,65.07894032646507
124.0,124.0,2.0,4,384.0,,3,309.6774193548387
42.0,42.0,1.0,12,832.0,,3,1980.952380952381
8253.0,8253.0,129.0,6,8640.0,,1,104.68920392584515
2192.0,2192.0,23.0,1,1536.0,,4,70.07299270072993
20.0,20.0,1.0,1,128.0,,3,640.0
525.0,525.0,9.0,16,1600.0,,3,304.76190476190476
10498.0,10498.0,155.0,1,9984.0,,1,95.1038293008192
163.0,163.0,3.0,1,256.0,,3,157.05521472392638
205.0,205.0,3.0,6,576.0,,3,280.9756097560975
8476.0,8476.0,117.0,12,8256.0,,1,97.4044360547428
12093.0,12093.0,188.0,1,12096.0,,1,100.02480774001488
1835.0,1835.0,29.0,2,1984.0,,1,108.11989100817439
101.0,101.0,2.0,2,256.0,,3,253.46534653465346
48.0,48.0,1.0,1,128.0,,3,266.66666666666663
4187.0,4187.0,64.0,20,5376.0,,0,128.39742058753282
27.0,27.0,1.0,8,576.0,,3,2133.333333333333
19391.0,19391.0,259.0,16,17600.0,,1,90.76375638182662
34.0,34.0,1.0,28,1856.0,,3,5458.823529411765
34415.0,34415.0,528.0,1,33856.0,,1,98.37570826674416
9728.0,9728.0,131.0,2,8512.0,,4,87.5
822.0,822.0,13.0,2,960.0,,0,116.7883211678832
16062.0,16062.0,185.0,2,11968.0,,4,74.51126883327107
706.0,706.0,12.0,4,1024.0,,0,145.04249291784703
37183.0,37183.0,536.0,20,35584.0,,1,95.69964768845978
18018.0,18018.0,236.0,4,15360.0,,4,85.24808524808525
9155.0,9155.0,61.0,16,4928.0,,4,53.82850901146914
150.0,150.0,3.0,16,1216.0,,3,810.6666666666667
9.0,9.0,1.0,1,128.0,,3,1422.2222222222222
114.0,114.0,2.0,3,320.0,,3,280.7017543859649
8.0,8.0,1.0,4,320.0,,3,4000.0
281.0,281.0,5.0,16,1344.0,,3,478.2918149466192
66.0,66.0,2.0,8,640.0,,3,969.6969696969697
441.0,441.0,2.0,16,1152.0,,3,261.2244897959184
42.0,42.0,1.0,20,1344.0,,3,3200.0
58.0,58.0,1.0,1,128.0,,3,220.68965517241378
49.0,49.0,1.0,4,320.0,,3,653.0612244897959
43.0,43.0,1.0,4,320.0,,3,744.1860465116279
21263.0,21263.0,276.0,3,17856.0,,4,83.97686121431595
42.0,42.0,1.0,8,576.0,,3,1371.4285714285713
1935.0,1935.0,31.0,20,3264.0,,3,168.68217054263565
104.0,104.0,2.0,4,384.0,,3,369.2307692307692
118.0,118.0,2.0,3,320.0,,3,271.18644067796606
6282.0,6282.0,89.0,1,5760.0,,1,91.69054441260745
8236.0,8236.0,25.0,3,1792.0,,2,21.75813501699854
5520.0,5520.0,68.0,1,4416.0,,4,80.0
15329.0,15329.0,215.0,1,13824.0,,1,90.18200795877095
8.0,8.0,1.0,3,256.0,,3,3200.0
51.0,51.0,1.0,8,576.0,,3,1129.4117647058824
9931.0,9931.0,136.0,2,8832.0,,4,88.93364213070184
408.0,408.0,7.0,4,704.0,,3,172.54901960784315
23.0,23.0,1.0,1,128.0,,3,556.5217391304348
3878.0,3878.0,61.0,14,4800.0,,0,123.77514182568335
717.0,717.0,12.0,16,1792.0,,3,249.9302649930265
31608.0,31608.0,487.0,4,31424.0,,1,99.4178688939509
3000.0,3000.0,11.0,4,960.0,,2,32.0
22685.0,22685.0,318.0,3,20544.0,,1,90.56204540445229
1232.0,1232.0,18.0,4,1408.0,,0,114.28571428571428
3647.0,3647.0,53.0,4,3648.0,,1,100.02741979709351
72.0,72.0,2.0,1,192.0,,3,266.66666666666663
24990.0,24990.0,354.0,56,26240.0,,1,105.00200080032013
26809.0,26809.0,413.0,28,28224.0,,1,105.27807825730164
119.0,119.0,2.0,20,1408.0,,3,1183.1932773109245
7472.0,7472.0,115.0,16,8384.0,,0,112.20556745182013
1686.0,1686.0,25.0,16,2624.0,,3,155.63463819691577
2763.0,2763.0,44.0,16,3840.0,,0,138.97937024972856
9946.0,9946.0,134.0,12,9344.0,,1,93.94731550372009
18889.0,18889.0,232.0,8,15360.0,,4,81.31716872253692
2627.0,2627.0,42.0,4,2944.0,,0,112.06699657403882
33.0,33.0,1.0,20,1344.0,,3,4072.7272727272725
9.0,9.0,1.0,12,832.0,,3,9244.444444444443
181.0,181.0,3.0,12,960.0,,3,530.3867403314916
18.0,18.0,1.0,12,832.0,,3,4622.222222222222
10989.0,10989.0,162.0,10,11008.0,,1,100.17290017290017
44.0,44.0,1.0,12,832.0,,3,1890.909090909091
2287.0,2287.0,10.0,1,704.0,,2,30.782684739833844
6084.0,6084.0,86.0,4,5760.0,,1,94.67455621301775
13.0,13.0,1.0,4,320.0,,3,2461.538461538462
34.0,34.0,1.0,12,832.0,,3,2447.0588235294117
1654.0,1654.0,8.0,8,1024.0,,4,61.9105199516324
24247.0,24247.0,266.0,2,17152.0,,4,70.73864808017487
26.0,26.0,1.0,2,192.0,,3,738.4615384615385
1759.0,1759.0,28.0,1,1856.0,,1,105.51449687322344
99.0,99.0,2.0,3,320.0,,3,323.2323232323232
87.0,87.0,2.0,3,320.0,,3,367.81609195402297
26634.0,26634.0,349.0,3,22528.0,,4,84.58361492828715
19.0,19.0,1.0,3,256.0,,3,1347.3684210526314
5364.0,5364.0,76.0,6,5248.0,,1,97.83743475018642
10456.0,10456.0,140.0,3,9152.0,,4,87.52869166029075
90.0,90.0,2.0,4,384.0,,3,426.6666666666667
16378.0,16378.0,239.0,4,15552.0,,1,94.95664916351203
10591.0,10591.0,161.0,4,10560.0,,1,99.707298649797
29563.0,29563.0,412.0,6,26752.0,,1,90.49149274430877
617.0,617.0,10.0,4,896.0,,0,145.2188006482982
21.0,21.0,1.0,8,576.0,,3,2742.8571428571427
12.0,12.0,1.0,4,320.0,,3,2666.666666666667
7507.0,7507.0,98.0,3,6464.0,,4,86.10630078593313
1089.0,1089.0,18.0,3,1344.0,,0,123.4159779614325
4101.0,4101.0,65.0,4,4416.0,,1,107.68105340160936
59.0,59.0,1.0,4,320.0,,3,542.3728813559321
7.0,7.0,1.0,3,256.0,,3,3657.142857142857
60.0,60.0,1.0,1,128.0,,3,213.33333333333334
5779.0,5779.0,80.0,12,5888.0,,1,101.88613947049663
2469.0,2469.0,30.0,8,2432.0,,1,98.50141757796679
29.0,29.0,1.0,4,320.0,,3,1103.448275862069
17.0,17.0,1.0,14,960.0,,3,5647.058823529412
14455.0,14455.0,226.0,3,14656.0,,1,101.39052231061916
8850.0,8850.0,127.0,4,8384.0,,1,94.73446327683615
2574.0,2574.0,41.0,4,2880.0,,0,111.8881118881119
33.0,33.0,1.0,24,1600.0,,3,4848.484848484848
39.0,39.0,1.0,40,2624.0,,3,6728.205128205129
53.0,53.0,1.0,4,320.0,,3,603.7735849056604
167.0,167.0,3.0,4,448.0,,3,268.2634730538922
14.0,14.0,1.0,2,192.0,,3,1371.4285714285713
8.0,8.0,1.0,2,192.0,,3,2400.0
9991.0,9991.0,157.0,4,10304.0,,1,103.13281953758381
16544.0,16544.0,190.0,1,12224.0,,4,73.88781431334623
17999.0,17999.0,258.0,1,16576.0,,1,92.09400522251237
35.0,35.0,1.0,4,320.0,,3,914.2857142857142
13560.0,13560.0,169.0,4,11072.0,,4,81.65191740412979
4896.0,4896.0,77.0,4,5184.0,,1,105.88235294117648
7.0,7.0,1.0,4,320.0,,3,4571.428571428572
18841.0,18841.0,190.0,4,12416.0,,4,65.89883764131416
14.0,14.0,1.0,16,1088.0,,3,7771.428571428571
8731.0,8731.0,125.0,16,9024.0,,1,103.35585843545985
32.0,32.0,1.0,12,832.0,,3,2600.0
13.0,13.0,1.0,1,128.0,,3,984.6153846153846
3061.0,3061.0,48.0,1,3136.0,,1,102.45017967984317
3196.0,3196.0,28.0,1,1856.0,,4,58.072590738423024
61.0,61.0,1.0,1,128.0,,3,209.8360655737705
6.0,6.0,1.0,1,128.0,,3,2133.333333333333
1383.0,1383.0,2.0,1,192.0,,2,13.882863340563992
10744.0,10744.0,149.0,1,9600.0,,4,89.35219657483246
23924.0,23924.0,326.0,1,20928.0,,4,87.47701053335562
10.0,10.0,1.0,1,128.0,,3,1280.0
7481.0,7481.0,117.0,1,7552.0,,1,100.94907097981553
22628.0,22628.0,262.0,1,16832.0,,4,74.38571681103058
53.0,53.0,1.0,1,128.0,,3,241.50943396226415
49.0,49.0,1.0,1,128.0,,3,261.2244897959184
13.0,13.0,1.0,1,128.0,,3,984.6153846153846
57.0,57.0,1.0,1,128.0,,3,224.56140350877192
3037.0,3037.0,13.0,1,896.0,,2,29.50279881461969
13295.0,13295.0,130.0,1,8384.0,,4,63.061301241068065
12.0,12.0,1.0,1,128.0,,3,1066.6666666666665
11.0,11.0,1.0,1,128.0,,3,1163.6363636363637
9925.0,9925.0,130.0,1,8384.0,,4,84.4735516372796
2920.0,2920.0,46.0,1,3008.0,,1,103.01369863013699
3483.0,3483.0,53.0,1,3456.0,,1,99.2248062015504
60.0,60.0,1.0,1,128.0,,3,213.33333333333334
64.0,64.0,1.0,1,128.0,,3,200.0
424.0,424.0,7.0,1,512.0,,0,120.75471698113208
120.0,120.0,2.0,1,192.0,,3,160.0
36347.0,36347.0,517.0,1,33152.0,,1,91.20972845076622
24.0,24.0,1.0,1,128.0,,3,533.3333333333333
23.0,23.0,1.0,1,128.0,,3,556.5217391304348
59.0,59.0,1.0,1,128.0,,3,216.94915254237287
22.0,22.0,1.0,1,128.0,,3,581.8181818181819
18196.0,18196.0,206.0,1,13248.0,,4,72.80721037590679
10315.0,10315.0,159.0,1,10240.0,,1,99.27290353853611
29.0,29.0,1.0,1,128.0,,3,441.37931034482756
13074.0,13074.0,140.0,1,9024.0,,4,69.0224873795319
74.0,74.0,2.0,1,192.0,,3,259.4594594594595
14.0,14.0,1.0,1,128.0,,3,914.2857142857142
140.0,140.0,3.0,1,256.0,,3,182.85714285714286
80.0,80.0,2.0,1,192.0,,3,240.0
13.0,13.0,1.0,1,128.0,,3,984.6153846153846
17573.0,17573.0,253.0,1,16256.0,,1,92.50554828429978
3189.0,3189.0,22.0,1,1472.0,,2,46.158670429601756
38.0,38.0,1.0,1,128.0,,3,336.84210526315786
27.0,27.0,1.0,1,128.0,,3,474.074074074074
24.0,24.0,1.0,1,128.0,,3,533.3333333333333
20.0,20.0,1.0,1,128.0,,3,640.0
11.0,11.0,1.0,1,128.0,,3,1163.6363636363637
18402.0,18402.0,217.0,1,13952.0,,4,75.8178458863167
46.0,46.0,1.0,1,128.0,,3,278.2608695652174
117.0,117.0,2.0,1,192.0,,3,164.1025641025641
2783.0,2783.0,44.0,1,2880.0,,1,103.48544735896515
35605.0,35605.0,542.0,1,34752.0,,1,97.6042690633338
31.0,31.0,1.0,1,128.0,,3,412.9032258064516
17.0,17.0,1.0,1,128.0,,3,752.9411764705882
14.0,14.0,1.0,1,128.0,,3,914.2857142857142
2897.0,2897.0,44.0,1,2880.0,,1,99.41318605453918
1120.0,1120.0,18.0,1,1216.0,,1,108.57142857142857
9.0,9.0,1.0,1,128.0,,3,1422.2222222222222
22866.0,22866.0,308.0,1,19776.0,,4,86.48648648648648
40.0,40.0,1.0,1,128.0,,3,320.0
7.0,7.0,1.0,1,128.0,,3,1828.5714285714284
5675.0,5675.0,86.0,1,5568.0,,1,98.11453744493393
69.0,69.0,2.0,1,192.0,,3,278.2608695652174
30181.0,30181.0,458.0,1,29376.0,,1,97.33275902057585
838.0,838.0,14.0,1,960.0,,0,114.55847255369929
11417.0,11417.0,148.0,1,9536.0,,4,83.52456862573355
3668.0,3668.0,58.0,1,3776.0,,1,102.9443838604144
6.0,6.0,1.0,1,128.0,,3,2133.333333333333
5241.0,5241.0,73.0,1,4736.0,,1,90.3644342682694
479.0,479.0,8.0,1,576.0,,0,120.25052192066805
266.0,266.0,5.0,1,384.0,,0,144.36090225563908
47.0,47.0,1.0,1,128.0,,3,272.3404255319149
3729.0,3729.0,45.0,1,2944.0,,4,78.94877983373559
7.0,7.0,1.0,1,128.0,,3,1828.5714285714284
1157.0,1157.0,19.0,1,1280.0,,0,110.63094209161626
27824.0,27824.0,411.0,1,26368.0,,1,94.76710753306497
8946.0,8946.0,94.0,1,6080.0,,4,67.96333556896937
8.0,8.0,1.0,1,128.0,,3,1600.0
58.0,58.0,1.0,1,128.0,,3,220.68965517241378
7.0,7.0,1.0,1,128.0,,3,1828.5714285714284
25549.0,25549.0,389.0,1,24960.0,,1,97.6946260127598
2873.0,2873.0,36.0,1,2368.0,,4,82.42255482074486
119.0,119.0,2.0,1,192.0,,3,161.34453781512605
7.0,7.0,1.0,1,128.0,,3,1828.5714285714284
3105.0,3105.0,27.0,1,1792.0,,4,57.7133655394525
81.0,81.0,2.0,1,192.0,,3,237.037037037037
32.0,32.0,1.0,1,128.0,,3,400.0
17573.0,17573.0,245.0,1,15744.0,,4,89.59198770841633
21906.0,21906.0,257.0,1,16512.0,,4,75.37660914817859
9.0,9.0,1.0,1,128.0,,3,1422.2222222222222
70.0,70.0,2.0,1,192.0,,3,274.2857142857143
8.0,8.0,1.0,1,128.0,,3,1600.0
23.0,23.0,1.0,1,128.0,,3,556.5217391304348
428.0,428.0,7.0,1,512.0,,0,119.62616822429905
19.0,19.0,1.0,1,128.0,,3,673.6842105263157
7.0,7.0,1.0,1,128.0,,3,1828.5714285714284
836.0,836.0,14.0,1,960.0,,0,114.83253588516746
48.0,48.0,1.0,1,128.0,,3,266.66666666666663
29.0,29.0,1.0,1,128.0,,3,441.37931034482756
34.0,34.0,1.0,1,128.0,,3,376.4705882352941
35.0,35.0,1.0,1,128.0,,3,365.7142857142857
16.0,16.0,1.0,1,128.0,,3,800.0
3645.0,3645.0,54.0,1,3520.0,,1,96.57064471879286
15548.0,15548.0,232.0,1,14912.0,,1,95.90944172883972
619.0,619.0,10.0,1,704.0,,0,113.73182552504039
13.0,13.0,1.0,1,128.0,,3,984.6153846153846
10.0,10.0,1.0,1,128.0,,3,1280.0
31.0,31.0,1.0,1,128.0,,3,412.9032258064516
21397.0,21397.0,290.0,1,18624.0,,4,87.0402392858812
22717.0,22717.0,257.0,1,16512.0,,4,72.68565391556983
8636.0,8636.0,101.0,1,6528.0,,4,75.59055118110236
357.0,357.0,6.0,1,448.0,,0,125.49019607843137
510.0,510.0,8.0,1,576.0,,0,112.94117647058823
11.0,11.0,1.0,1,128.0,,3,1163.6363636363637
10.0,10.0,1.0,1,128.0,,3,1280.0
18649.0,18649.0,278.0,1,17856.0,,1,95.74776127406295
31.0,31.0,1.0,1,128.0,,3,412.9032258064516
23.0,23.0,1.0,1,128.0,,3,556.5217391304348
2085.0,2085.0,28.0,1,1856.0,,4,89.0167865707434
2275.0,2275.0,18.0,1,1216.0,,4,53.45054945054946
10.0,10.0,1.0,1,128.0,,3,1280.0
13595.0,13595.0,190.0,1,12224.0,,4,89.91541007723428
11.0,11.0,1.0,1,128.0,,3,1163.6363636363637
6.0,6.0,1.0,1,128.0,,3,2133.333333333333
27604.0,27604.0,405.0,1,25984.0,,1,94.13128532096798
25.0,25.0,1.0,1,128.0,,3,512.0
9.0,9.0,1.0,1,128.0,,3,1422.2222222222222
2998.0,2998.0,31.0,1,2048.0,,4,68.31220813875916
1383.0,1383.0,18.0,1,1216.0,,4,87.92480115690527
6.0,6.0,1.0,1,128.0,,3,2133.333333333333
940.0,940.0,15.0,1,1024.0,,1,108.93617021276596
19.0,19.0,1.0,1,128.0,,3,673.6842105263157
1314.0,1314.0,21.0,1,1408.0,,1,107.15372907153728
7.0,7.0,1.0,1,128.0,,3,1828.5714285714284
9631.0,9631.0,135.0,20,9920.0,,1,103.0007268196449
4073.0,4073.0,58.0,4,3968.0,,1,97.42204763073902
1052.0,1052.0,15.0,4,1216.0,,0,115.58935361216729
5436.0,5436.0,56.0,1,3648.0,,4,67.10816777041943
31655.0,31655.0,381.0,1,24448.0,,4,77.23266466592955
25.0,25.0,1.0,1,128.0,,3,512.0
9.0,9.0,1.0,1,128.0,,3,1422.2222222222222
232.0,232.0,4.0,1,320.0,,0,137.93103448275863
7.0,7.0,1.0,1,128.0,,3,1828.5714285714284
24231.0,24231.0,320.0,2,20608.0,,4,85.04807890718502
21.0,21.0,1.0,4,320.0,,3,1523.8095238095236
43182.0,43182.0,613.0,1,39296.0,,1,91.00087999629474
33466.0,33466.0,490.0,1,31424.0,,1,93.89828482639096
12.0,12.0,1.0,1,128.0,,3,1066.6666666666665
11567.0,11567.0,159.0,1,10240.0,,4,88.52770813521225
39.0,39.0,1.0,5,384.0,,3,984.6153846153846
9.0,9.0,1.0,6,448.0,,3,4977.777777777778
35.0,35.0,1.0,8,576.0,,3,1645.7142857142856
7.0,7.0,1.0,10,704.0,,3,10057.142857142857
13433.0,13433.0,204.0,14,13952.0,,1,103.86361944465123
25586.0,25586.0,365.0,1,23424.0,,1,91.55006644258579
9280.0,9280.0,145.0,2,9408.0,,1,101.37931034482759
8109.0,8109.0,127.0,1,8192.0,,1,101.02355407571835
17.0,17.0,1.0,2,192.0,,3,1129.4117647058824
18.0,18.0,1.0,4,320.0,,3,1777.7777777777778
6.0,6.0,1.0,4,320.0,,3,5333.333333333334
441.0,441.0,7.0,2,576.0,,0,130.6122448979592
20.0,20.0,1.0,4,320.0,,3,1600.0
14.0,14.0,1.0,4,320.0,,3,2285.714285714286
12875.0,12875.0,151.0,4,9920.0,,4,77.0485436893204
172.0,172.0,3.0,3,384.0,,3,223.25581395348837
10088.0,10088.0,121.0,2,7872.0,,4,78.03330689928629
8.0,8.0,1.0,3,256.0,,3,3200.0
22591.0,22591.0,317.0,1,20352.0,,1,90.08897348501615
31431.0,31431.0,444.0,1,28480.0,,1,90.61118004517833
9.0,9.0,1.0,4,320.0,,3,3555.5555555555557
7.0,7.0,1.0,4,320.0,,3,4571.428571428572
10.0,10.0,1.0,1,128.0,,3,1280.0
7.0,7.0,1.0,1,128.0,,3,1828.5714285714284
18.0,18.0,1.0,4,320.0,,3,1777.7777777777778
1102.0,1102.0,18.0,4,1408.0,,0,127.76769509981851
8.0,8.0,1.0,1,128.0,,3,1600.0
6.0,6.0,1.0,1,128.0,,3,2133.333333333333
39015.0,39015.0,518.0,1,33216.0,,4,85.1364859669358
1874.0,1874.0,20.0,1,1344.0,,4,71.71824973319103
15793.0,15793.0,159.0,2,10304.0,,4,65.2440954853416
24371.0,24371.0,377.0,3,24320.0,,1,99.79073488982807
116.0,116.0,2.0,4,384.0,,3,331.0344827586207
3112.0,3112.0,45.0,1,2944.0,,1,94.60154241645245
13326.0,13326.0,197.0,4,12864.0,,1,96.53309320126068
4551.0,4551.0,68.0,12,5120.0,,0,112.50274664908811
41.0,41.0,1.0,2,192.0,,3,468.29268292682923
21.0,21.0,1.0,2,192.0,,3,914.2857142857142
1346.0,1346.0,19.0,2,1344.0,,1,99.85141158989599
3727.0,3727.0,46.0,1,3008.0,,4,80.70834451301316
11.0,11.0,1.0,4,320.0,,3,2909.090909090909
14468.0,14468.0,161.0,1,10368.0,,4,71.66159800940005
8.0,8.0,1.0,1,128.0,,3,1600.0
10.0,10.0,1.0,1,128.0,,3,1280.0
14.0,14.0,1.0,1,128.0,,3,914.2857142857142
10.0,10.0,1.0,2,192.0,,3,1920.0
15.0,15.0,1.0,2,192.0,,3,1280.0
13.0,13.0,1.0,8,576.0,,3,4430.7692307692305
74.0,74.0,2.0,12,896.0,,3,1210.8108108108108
960.0,960.0,15.0,16,1984.0,,3,206.66666666666669
19705.0,19705.0,295.0,8,19392.0,,1,98.41157066734331
16.0,16.0,1.0,4,320.0,,3,2000.0
25176.0,25176.0,253.0,2,16320.0,,4,64.8236415633937
11.0,11.0,1.0,12,832.0,,3,7563.636363636364
3032.0,3032.0,48.0,16,4096.0,,0,135.09234828496042
189.0,189.0,3.0,2,320.0,,3,169.31216931216932
20.0,20.0,1.0,4,320.0,,3,1600.0
11.0,11.0,1.0,1,128.0,,3,1163.6363636363637
21.0,21.0,1.0,1,128.0,,3,609.5238095238095
87.0,87.0,2.0,1,192.0,,3,220.68965517241378
13070.0,13070.0,202.0,1,12992.0,,1,99.40321346595256
1715.0,1715.0,27.0,4,1984.0,,0,115.68513119533527
9.0,9.0,1.0,4,320.0,,3,3555.5555555555557
12.0,12.0,1.0,12,832.0,,3,6933.333333333333
16.0,16.0,1.0,16,1088.0,,3,6800.0
2614.0,2614.0,28.0,4,2048.0,,4,78.34736036725324
17.0,17.0,1.0,6,448.0,,3,2635.2941176470586
189.0,189.0,3.0,1,256.0,,0,135.44973544973544
7143.0,7143.0,39.0,1,2560.0,,2,35.839283214335715
12601.0,12601.0,164.0,3,10688.0,,4,84.81866518530275
15.0,15.0,1.0,2,192.0,,3,1280.0
9.0,9.0,1.0,8,576.0,,3,6400.0
13.0,13.0,1.0,1,128.0,,3,984.6153846153846
2800.0,2800.0,44.0,1,2880.0,,1,102.85714285714285
16379.0,16379.0,243.0,1,15616.0,,1,95.34159594602845
221.0,221.0,4.0,1,320.0,,0,144.79638009049773
35.0,35.0,1.0,1,128.0,,3,365.7142857142857
7.0,7.0,1.0,6,448.0,,3,6400.0
173.0,173.0,3.0,4,448.0,,3,258.95953757225436
6.0,6.0,1.0,1,128.0,,3,2133.333333333333
10.0,10.0,1.0,3,256.0,,3,2560.0
9881.0,9881.0,100.0,4,6656.0,,4,67.36160307661167
1027.0,1027.0,17.0,6,1472.0,,0,143.3300876338851
9.0,9.0,1.0,6,448.0,,3,4977.777777777778
7.0,7.0,1.0,6,448.0,,3,6400.0
15909.0,15909.0,231.0,6,15168.0,,1,95.34225909862342
12.0,12.0,1.0,4,320.0,,3,2666.666666666667
14.0,14.0,1.0,3,256.0,,3,1828.5714285714284
133.0,133.0,3.0,8,704.0,,3,529.3233082706766
7.0,7.0,1.0,3,256.0,,3,3657.142857142857
7.0,7.0,1.0,3,256.0,,3,3657.142857142857
8028.0,8028.0,120.0,4,7936.0,,1,98.85401096163427
6.0,6.0,1.0,6,448.0,,3,7466.666666666667
16.0,16.0,1.0,4,320.0,,3,2000.0
5566.0,5566.0,76.0,4,5120.0,,1,91.98706431908012
174.0,174.0,3.0,4,448.0,,3,257.4712643678161
6.0,6.0,1.0,3,256.0,,3,4266.666666666666
9.0,9.0,1.0,4,320.0,,3,3555.5555555555557
63.0,63.0,1.0,4,320.0,,3,507.9365079365079
8.0,8.0,1.0,3,256.0,,3,3200.0
6.0,6.0,1.0,12,832.0,,3,13866.666666666666
13133.0,13133.0,98.0,8,6784.0,,4,51.656133404401125
1686.0,1686.0,27.0,16,2752.0,,3,163.22657176749703
12.0,12.0,1.0,34,2240.0,,3,18666.666666666664
6.0,6.0,1.0,12,832.0,,3,13866.666666666666
11.0,11.0,1.0,8,576.0,,3,5236.363636363637
7485.0,7485.0,78.0,12,5760.0,,4,76.95390781563127
99.0,99.0,2.0,3,320.0,,3,323.2323232323232
30252.0,30252.0,469.0,4,30272.0,,1,100.06611133148222
1636.0,1636.0,14.0,4,1152.0,,4,70.4156479217604
30.0,30.0,1.0,1,128.0,,3,426.6666666666667
144.0,144.0,3.0,12,960.0,,3,666.6666666666667
8.0,8.0,1.0,1,128.0,,3,1600.0
218.0,218.0,4.0,1,320.0,,0,146.78899082568807
2113.0,2113.0,34.0,1,2240.0,,1,106.010411736867
281.0,281.0,5.0,2,448.0,,3,159.4306049822064
14.0,14.0,1.0,1,128.0,,3,914.2857142857142
9.0,9.0,1.0,2,192.0,,3,2133.333333333333
61.0,61.0,1.0,8,576.0,,3,944.2622950819672
22938.0,22938.0,267.0,24,18624.0,,4,81.19278053884385
1640.0,1640.0,26.0,4,1920.0,,0,117.07317073170731
23.0,23.0,1.0,4,320.0,,3,1391.304347826087
1784.0,1784.0,16.0,6,1408.0,,4,78.9237668161435
10.0,10.0,1.0,1,128.0,,3,1280.0
56.0,56.0,1.0,1,128.0,,3,228.57142857142856
72.0,72.0,2.0,1,192.0,,3,266.66666666666663
2216.0,2216.0,9.0,20,1856.0,,4,83.75451263537906
45.0,45.0,1.0,16,1088.0,,3,2417.777777777778
101.0,101.0,2.0,20,1408.0,,3,1394.0594059405942
1851.0,1851.0,29.0,8,2368.0,,0,127.93084819016747
304.0,304.0,5.0,3,512.0,,3,168.42105263157893
1517.0,1517.0,14.0,4,1152.0,,4,75.93935398813447
4727.0,4727.0,62.0,3,4160.0,,4,88.00507721599324
12.0,12.0,1.0,3,256.0,,3,2133.333333333333
7.0,7.0,1.0,4,320.0,,3,4571.428571428572
10.0,10.0,1.0,4,320.0,,3,3200.0
108.0,108.0,2.0,1,192.0,,3,177.77777777777777
21.0,21.0,1.0,1,128.0,,3,609.5238095238095
38.0,38.0,1.0,1,128.0,,3,336.84210526315786
3169.0,3169.0,36.0,1,2368.0,,4,74.72388766172294
257.0,257.0,5.0,1,384.0,,0,149.41634241245137
1054.0,1054.0,17.0,4,1344.0,,0,127.51423149905123
29.0,29.0,1.0,4,320.0,,3,1103.448275862069
1346.0,1346.0,5.0,4,576.0,,2,42.79346210995542
107.0,107.0,2.0,4,384.0,,3,358.8785046728972
10566.0,10566.0,153.0,1,9856.0,,1,93.28033314404695
7.0,7.0,1.0,20,1344.0,,3,19200.0
167.0,167.0,3.0,8,704.0,,3,421.55688622754496
35150.0,35150.0,487.0,16,32192.0,,1,91.58463726884779
3654.0,3654.0,58.0,20,4992.0,,0,136.61740558292283
458.0,458.0,8.0,16,1536.0,,3,335.3711790393013
519.0,519.0,6.0,20,1664.0,,3,320.61657032755295
12936.0,12936.0,191.0,8,12736.0,,1,98.4539270253556
6.0,6.0,1.0,16,1088.0,,3,18133.333333333336
1860.0,1860.0,28.0,20,3072.0,,3,165.16129032258064
23798.0,23798.0,362.0,2,23296.0,,1,97.89057904025549
27.0,27.0,1.0,1,128.0,,3,474.074074074074
359.0,359.0,6.0,1,448.0,,0,124.79108635097494
58.0,58.0,1.0,1,128.0,,3,220.68965517241378
39.0,39.0,1.0,1,128.0,,3,328.2051282051282
2871.0,2871.0,45.0,1,2944.0,,1,102.54266805990943
140.0,140.0,3.0,76,5056.0,,3,3611.4285714285716
8.0,8.0,1.0,8,576.0,,3,7200.0
72.0,72.0,2.0,8,640.0,,3,888.8888888888889
3430.0,3430.0,54.0,8,3968.0,,0,115.68513119533527
1790.0,1790.0,20.0,1,1344.0,,4,75.08379888268156
72.0,72.0,2.0,1,192.0,,3,266.66666666666663
12.0,12.0,1.0,20,1344.0,,3,11200.0
63.0,63.0,1.0,8,576.0,,3,914.2857142857142
45.0,45.0,1.0,2,192.0,,3,426.6666666666667
83.0,83.0,2.0,2,256.0,,3,308.43373493975906
26.0,26.0,1.0,2,192.0,,3,738.4615384615385
74.0,74.0,2.0,2,256.0,,3,345.94594594594594
22.0,22.0,1.0,1,128.0,,3,581.8181818181819
7712.0,7712.0,110.0,1,7104.0,,1,92.11618257261411
173.0,173.0,3.0,1,256.0,,0,147.97687861271675
32.0,32.0,1.0,1,128.0,,3,400.0
64.0,64.0,1.0,1,128.0,,3,200.0
9.0,9.0,1.0,8,576.0,,3,6400.0
7.0,7.0,1.0,1,128.0,,3,1828.5714285714284
15353.0,15353.0,240.0,16,16384.0,,1,106.71529994137954
1314.0,1314.0,20.0,4,1536.0,,0,116.89497716894977
865.0,865.0,14.0,1,960.0,,0,110.98265895953756
53.0,53.0,1.0,1,128.0,,3,241.50943396226415
1324.0,1324.0,10.0,1,704.0,,4,53.17220543806647
3227.0,3227.0,51.0,1,3328.0,,1,103.12984195847537
652.0,652.0,11.0,1,768.0,,0,117.79141104294479
9.0,9.0,1.0,1,128.0,,3,1422.2222222222222
108.0,108.0,2.0,1,192.0,,3,177.77777777777777
61.0,61.0,1.0,8,576.0,,3,944.2622950819672
120.0,120.0,2.0,4,384.0,,3,320.0
11.0,11.0,1.0,2,192.0,,3,1745.4545454545453
6202.0,6202.0,93.0,1,6016.0,,1,97.00096742986133
83.0,83.0,2.0,1,192.0,,3,231.32530120481925
126.0,126.0,2.0,1,192.0,,3,152.38095238095238
2998.0,2998.0,31.0,1,2048.0,,4,68.31220813875916
3654.0,3654.0,58.0,1,3776.0,,1,103.33880678708265
123.0,123.0,2.0,1,192.0,,3,156.09756097560975
16.0,16.0,1.0,1,128.0,,3,800.0
4234.0,4234.0,67.0,1,4352.0,,1,102.78696268304203
14.0,14.0,1.0,1,128.0,,3,914.2857142857142
167.0,167.0,3.0,1,256.0,,3,153.2934131736527
453.0,453.0,8.0,4,768.0,,3,169.53642384105962
11.0,11.0,1.0,4,320.0,,3,2909.090909090909
10.0,10.0,1.0,4,320.0,,3,3200.0
305.0,305.0,5.0,4,576.0,,3,188.85245901639345
345.0,345.0,6.0,4,640.0,,3,185.5072463768116
8.0,8.0,1.0,4,320.0,,3,4000.0
10.0,10.0,1.0,5,384.0,,3,3840.0
18559.0,18559.0,200.0,4,13056.0,,4,70.3486179212242
5285.0,5285.0,83.0,4,5568.0,,1,105.35477767265846
12.0,12.0,1.0,1,128.0,,3,1066.6666666666665
216.0,216.0,4.0,1,320.0,,0,148.14814814814815
107.0,107.0,2.0,1,192.0,,3,179.4392523364486
2142.0,2142.0,34.0,1,2240.0,,1,104.57516339869282
258.0,258.0,5.0,1,384.0,,0,148.8372093023256
7803.0,7803.0,82.0,4,5504.0,,4,70.53697295911829
43.0,43.0,1.0,4,320.0,,3,744.1860465116279
1131.0,1131.0,18.0,10,1792.0,,3,158.44385499557913
41.0,41.0,1.0,4,320.0,,3,780.4878048780488
96.0,96.0,2.0,14,1024.0,,3,1066.6666666666665
3085.0,3085.0,10.0,6,1024.0,,2,33.19286871961102
387.0,387.0,7.0,6,832.0,,3,214.98708010335918
21239.0,21239.0,317.0,1,20352.0,,1,95.8237205141485
72.0,72.0,2.0,1,192.0,,3,266.66666666666663
304.0,304.0,5.0,1,384.0,,0,126.3157894736842
218.0,218.0,4.0,4,512.0,,3,234.86238532110093
14117.0,14117.0,218.0,6,14336.0,,1,101.55132110221719
2454.0,2454.0,37.0,12,3136.0,,0,127.79136104319477
17770.0,17770.0,225.0,1,14464.0,,4,81.39561057962858
11582.0,11582.0,181.0,1,11648.0,,1,100.56984976687964
,,,1,,,2,
,,,1,,,2,
,,,1,,,2,
,,,1,,,2,
,,,1,,,2,
,,,1,,,2,
,,,1,,,2,
,,,1,,,2,
,,,1,,,2,
,,,20,,,2,
,,,1,,,2,
,,,1,,,2,
,,,12,,,2,
,,,10,,,2,
,,,1,,,2,
,,,1,,,2,
,,,1,,,2,
,,,1,,,2,
,,,1,,,2,
,,,1,,,2,
,,,1,,,2,
,,,1,,,2,
,,,1,,,2,
,,,1,,,2,
,,,1,,,2,
,,,1,,,2,
,,,1,,,2,
,,,1,,,2,
,,,1,,,2,
,,,1,,,2,
,,,8,,,2,
,,,10,,,2,
,,,8,,,2,
,,,8,,,2,
,,,12,,,2,
,,,1,,,2,
,,,1,,,2,
,,,1,,,2,
,,,3,,,2,
,,,1,,,2,
,,,4,,,2,
,,,1,,,2,
,,,1,,,2,
,,,4,,,2,
,,,20,,,2,
,,,55,,,2,
,,,8,,,2,
,,,4,,,2,
,,,8,,,2,
,,,1,,,2,
,,,1,,,2,
,,,6,,,2,
,,,1,,,2,
,,,1,,,2,
,,,24,,,2,
,,,1,,,2,
,,,4,,,2,
,,,16,,,2,
,,,12,,,2,
,,,1,,,2,
,,,1,,,2,
,,,1,,,2,
,,,1,,,2,
,,,1,,,2,
,,,2,,,2,
,,,1,,,2,
,,,8,,,2,
,,,6,,,2,
,,,1,,,2,
,,,1,,,2,
,,,1,,,2,
,,,4,,,2,
,,,1,,,2,
,,,16,,,2,
,,,1,,,2,
,,,1,,,2,
,,,1,,,2,
,,,4,,,2,
,,,4,,,2,
,,,6,,,2,
,,,1,,,2,
,,,1,,,2,
,,,1,,,2,
,,,1,,,2,
,,,2,,,2,
,,,1,,,2,
,,,1,,,2,
,,,1,,,2,
,,,4,,,2,
,,,16,,,2,
,,,4,,,2,
,,,1,,,2,
,,,1,,,2,
,,,3,,,2,
,,,4,,,2,
,,,4,,,2,
,,,28,,,2,
,,,1,,,2,
,,,1,,,2,
,,,1,,,2,
,,,1,,,2,
,,,8,,,2,
,,,12,,,2,
,,,16,,,2,
,,,12,,,2,
,,,1,,,2,
,,,1,,,2,
,,,1,,,2,
,,,1,,,2,
,,,1,,,2,
,,,1,,,2,
,,,6,,,2,
,,,2,,,2,
,,,8,,,2,
,,,12,,,2,
,,,2,,,2,
,,,1,,,2,
,,,1,,,2,
,,,1,,,2,
,,,8,,,2,
,,,62,,,2,
,,,12,,,2,
,,,1,,,2,
,,,1,,,2,
,,,1,,,2,
,,,1,,,2,
,,,3,,,2,
,,,8,,,2,
,,,4,,,2,
,,,1,,,2,
,,,1,,,2,
,,,1,,,2,
,,,1,,,2,
,,,4,,,2,
,,,6,,,2,
,,,4,,,2,
,,,8,,,2,
,,,1,,,2,
,,,1,,,2,
,,,12,,,2,
,,,3,,,2,
,,,8,,,2,
,,,4,,,2,
,,,1,,,2,
,,,1,,,2,
,,,1,,,2,
,,,1,,,2,
,,,1,,,2,
,,,1,,,2,
,,,6,,,2,
,,,8,,,2,
,,,1,,,2,
,,,1,,,2,
,,,4,,,2,
,,,4,,,2,
,,,4,,,2,
,,,1,,,2,
,,,12,,,2,
,,,8,,,2,
,,,12,,,2,
,,,1,,,2,
,,,1,,,2,
,,,4,,,2,
,,,12,,,2,
,,,24,,,2,
,,,4,,,2,
,,,4,,,2,
,,,1,,,2,
,,,20,,,2,
,,,20,,,2,
,,,20,,,2,
,,,4,,,2,
,,,1,,,2,
,,,1,,,2,
,,,4,,,2,
,,,4,,,2,
,,,8,,,2,
,,,1,,,2,
,,,2,,,2,
,,,70,,,2,
,,,1,,,2,
,,,4,,,2,
,,,1,,,2,
,,,1,,,2,
,,,3,,,2,
,,,4,,,2,
,,,4,,,2,
,,,4,,,2,
,,,2,,,2,
,,,10,,,2,
,,,8,,,2,
,,,20,,,2,
,,,1,,,2,
,,,7,,,2,
,,,1,,,2,
,,,1,,,2,
,,,2,,,2,
,,,12,,,2,
,,,20,,,2,
,,,2,,,2,
,,,4,,,2,
,,,4,,,2,
,,,2,,,2,
,,,4,,,2,
,,,1,,,2,
,,,4,,,2,
,,,16,,,2,
,,,4,,,2,
,,,1,,,2,
,,,1,,,2,
,,,3,,,2,
,,,4,,,2,
,,,2,,,2,
,,,3,,,2,
,,,2,,,2,
,,,4,,,2,
,,,4,,,2,
,,,4,,,2,
,,,4,,,2,
,,,2,,,2,
,,,1,,,2,
,,,6,,,2,
,,,2,,,2,
,,,8,,,2,
,,,8,,,2,
,,,1,,,2,
,,,1,,,2,
,,,1,,,2,
,,,1,,,2,
,,,1,,,2,
,,,6,,,2,
,,,12,,,2,
,,,1,,,2,
,,,1,,,2,
,,,12,,,2,
,,,12,,,2,
,,,16,,,2,
,,,2,,,2,
,,,6,,,2,
,,,2,,,2,
,,,1,,,2,
,,,8,,,2,
,,,19,,,2,
,,,4,,,2,
,,,8,,,2,
,,,4,,,2,
,,,1,,,2,
,,,1,,,2,
,,,1,,,2,
,,,1,,,2,
,,,20,,,2,
,,,16,,,2,
,,,12,,,2,
,,,11,,,2,
,,,6,,,2,
,,,6,,,2,
,,,2,,,2,
,,,2,,,2,
,,,2,,,2,
,,,2,,,2,
,,,1,,,2,
,,,2,,,2,
,,,1,,,2,
,,,2,,,2,
,,,4,,,2,
,,,1,,,2,
,,,1,,,2,
,,,2,,,2,
,,,6,,,2,
,,,2,,,2,
,,,2,,,2,
,,,2,,,2,
,,,2,,,2,
,,,3,,,2,
,,,4,,,2,
,,,10,,,2,
,,,4,,,2,
,,,2,,,2,
,,,2,,,2,
,,,2,,,2,
,,,2,,,2,
,,,2,,,2,
,,,2,,,2,
,,,6,,,2,
,,,2,,,2,
,,,3,,,2,
,,,2,,,2,
,,,2,,,2,
,,,2,,,2,
,,,1,,,2,
,,,4,,,2,
,,,9,,,2,
,,,4,,,2,
,,,2,,,2,
,,,2,,,2,
,,,6,,,2,
,,,2,,,2,
,,,2,,,2,
,,,2,,,2,
,,,4,,,2,
,,,5,,,2,
,,,6,,,2,
,,,3,,,2,
,,,6,,,2,
,,,6,,,2,
,,,6,,,2,
,,,2,,,2,
,,,4,,,2,
,,,4,,,2,
,,,2,,,2,
,,,2,,,2,
,,,2,,,2,
,,,2,,,2,
,,,2,,,2,
,,,2,,,2,
,,,4,,,2,
,,,2,,,2,
,,,2,,,2,
,,,2,,,2,
,,,2,,,2,
,,,2,,,2,
,,,2,,,2,
,,,2,,,2,
,,,2,,,2,
,,,2,,,2,
,,,4,,,2,
,,,2,,,2,
,,,2,,,2,
,,,2,,,2,
,,,2,,,2,
,,,3,,,2,
,,,2,,,2,
,,,2,,,2,
,,,2,,,2,
,,,2,,,2,
,,,2,,,2,
,,,2,,,2,
,,,2,,,2,
,,,2,,,2,
,,,2,,,2,
,,,2,,,2,
,,,1,,,2,
,,,2,,,2,
,,,2,,,2,
,,,2,,,2,
,,,6,,,2,
,,,2,,,2,
,,,2,,,2,
,,,6,,,2,
,,,2,,,2,
,,,2,,,2,
,,,1,,,2,
,,,2,,,2,
,,,2,,,2,
,,,2,,,2,
,,,2,,,2,
,,,2,,,2,
,,,2,,,2,
,,,2,,,2,
,,,2,,,2,
,,,2,,,2,
,,,2,,,2,
,,,2,,,2,
,,,2,,,2,
,,,2,,,2,
,,,4,,,2,
,,,1,,,2,
,,,4,,,2,
,,,2,,,2,
,,,1,,,2,
,,,2,,,2,
,,,2,,,2,
,,,2,,,2,
,,,2,,,2,
,,,1,,,2,
,,,2,,,2,
,,,2,,,2,
,,,2,,,2,
,,,2,,,2,
,,,4,,,2,
,,,12,,,2,
,,,2,,,2,
,,,1,,,2,
,,,2,,,2,
,,,4,,,2,
,,,1,,,2,
,,,2,,,2,
,,,2,,,2,
,,,2,,,2,
,,,2,,,2,
,,,2,,,2,
,,,4,,,2,
,,,2,,,2,
,,,2,,,2,
,,,2,,,2,
,,,4,,,2,
,,,2,,,2,
,,,2,,,2,
,,,2,,,2,
,,,2,,,2,
,,,2,,,2,
,,,2,,,2,
,,,2,,,2,
,,,2,,,2,
,,,2,,,2,
,,,2,,,2,
,,,2,,,2,
,,,9,,,2,
,,,3,,,2,
,,,2,,,2,
,,,4,,,2,
,,,2,,,2,
,,,6,,,2,
,,,1,,,2,
,,,2,,,2,
,,,2,,,2,
,,,2,,,2,
,,,2,,,2,
,,,3,,,2,
,,,2,,,2,
,,,2,,,2,
,,,2,,,2,
,,,2,,,2,
,,,8,,,2,
,,,4,,,2,
,,,3,,,2,
,,,2,,,2,
,,,4,,,2,
,,,4,,,2,
,,,4,,,2,
,,,3,,,2,
,,,1,,,2,
,,,6,,,2,
,,,1,,,2,
,,,1,,,2,
,,,2,,,2,
,,,8,,,2,
,,,2,,,2,
,,,2,,,2,
,,,2,,,2,
,,,2,,,2,
,,,2,,,2,
,,,2,,,2,
,,,2,,,2,
,,,2,,,2,
,,,4,,,2,
,,,2,,,2,
,,,2,,,2,
,,,6,,,2,
,,,2,,,2,
,,,4,,,2,
,,,2,,,2,
,,,2,,,2,
,,,1,,,2,
,,,1,,,2,
,,,2,,,2,
,,,2,,,2,
,,,2,,,2,
,,,2,,,2,
,,,5,,,2,
,,,2,,,2,
,,,2,,,2,
,,,2,,,2,
,,,2,,,2,
,,,1,,,2,
,,,2,,,2,
,,,2,,,2,
,,,2,,,2,
,,,2,,,2,
,,,4,,,2,
,,,2,,,2,
,,,5,,,2,
,,,2,,,2,
,,,2,,,2,
,,,10,,,2,
,,,6,,,2,
,,,4,,,2,
,,,2,,,2,
,,,4,,,2,
,,,4,,,2,
,,,4,,,2,
,,,4,,,2,
,,,4,,,2,
,,,6,,,2,
,,,2,,,2,
,,,2,,,2,
,,,3,,,2,
,,,4,,,2,
,,,3,,,2,
,,,3,,,2,
,,,4,,,2,
,,,4,,,2,
,,,4,,,2,
,,,4,,,2,
,,,4,,,2,
,,,3,,,2,
,,,6,,,2,
,,,2,,,2,
,,,6,,,2,
,,,10,,,2,
,,,2,,,2,
,,,8,,,2,
,,,4,,,2,
,,,6,,,2,
,,,4,,,2,
,,,4,,,2,
,,,2,,,2,
,,,6,,,2,
,,,6,,,2,
,,,4,,,2,
,,,8,,,2,
,,,6,,,2,
,,,2,,,2,
,,,2,,,2,
,,,4,,,2,
,,,2,,,2,
,,,1,,,2,
,,,2,,,2,
,,,2,,,2,
,,,4,,,2,
,,,2,,,2,
,,,2,,,2,
,,,2,,,2,
,,,2,,,2,
,,,2,,,2,
,,,1,,,2,
,,,1,,,2,
,,,4,,,2,
,,,4,,,2,
,,,2,,,2,
,,,4,,,2,
,,,8,,,2,
,,,1,,,2,
,,,6,,,2,
,,,4,,,2,
,,,2,,,2,
,,,1,,,2,
,,,2,,,2,
,,,4,,,2,
,,,12,,,2,
,,,12,,,2,
,,,12,,,2,
,,,2,,,2,
,,,1,,,2,
,,,2,,,2,
,,,5,,,2,
,,,6,,,2,
,,,2,,,2,
,,,2,,,2,
,,,6,,,2,
,,,4,,,2,
,,,4,,,2,
,,,2,,,2,
,,,1,,,2,
,,,2,,,2,
,,,2,,,2,
,,,2,,,2,
,,,1,,,2,
,,,6,,,2,
,,,6,,,2,
,,,4,,,2,
,,,16,,,2,
,,,1,,,2,
,,,1,,,2,
,,,1,,,2,
,,,2,,,2,
,,,1,,,2,
,,,1,,,2,
,,,1,,,2,
,,,6,,,2,
,,,1,,,2,
,,,4,,,2,
,,,16,,,2,
,,,24,,,2,
,,,8,,,2,
,,,1,,,2,
,,,8,,,2,
,,,1,,,2,
,,,8,,,2,
,,,19,,,2,
,,,4,,,2,
,,,4,,,2,
,,,1,,,2,
,,,1,,,2,
,,,4,,,2,
,,,1,,,2,
,,,1,,,2,
,,,1,,,2,
,,,4,,,2,
,,,2,,,2,
,,,2,,,2,
,,,2,,,2,
,,,5,,,2,
,,,1,,,2,
,,,1,,,2,
,,,10,,,2,
,,,1,,,2,
,,,1,,,2,
,,,1,,,2,
,,,1,,,2,
,,,1,,,2,
,,,1,,,2,
,,,1,,,2,
,,,1,,,2,
,,,1,,,2,
,,,1,,,2,
,,,1,,,2,
,,,1,,,2,
,,,1,,,2,
,,,1,,,2,
,,,1,,,2,
,,,1,,,2,
,,,1,,,2,
,,,1,,,2,
,,,1,,,2,
,,,1,,,2,
,,,1,,,2,
,,,1,,,2,
,,,1,,,2,
,,,1,,,2,
,,,1,,,2,
,,,1,,,2,
,,,1,,,2,
,,,1,,,2,
,,,1,,,2,
,,,1,,,2,
,,,1,,,2,
,,,1,,,2,
,,,1,,,2,
,,,1,,,2,
,,,1,,,2,
,,,1,,,2,
,,,1,,,2,
,,,12,,,2,
,,,8,,,2,
,,,6,,,2,
,,,1,,,2,
,,,1,,,2,
,,,1,,,2,
,,,3,,,2,
,,,5,,,2,
,,,1,,,2,
,,,1,,,2,
,,,16,,,2,
,,,12,,,2,
,,,16,,,2,
,,,8,,,2,
,,,16,,,2,
,,,10,,,2,
,,,24,,,2,
,,,8,,,2,
,,,12,,,2,
,,,12,,,2,
,,,20,,,2,
,,,3,,,2,
,,,1,,,2,
,,,2,,,2,
,,,2,,,2,
,,,2,,,2,
,,,16,,,2,
,,,12,,,2,
,,,40,,,2,
,,,4,,,2,
,,,1,,,2,
,,,60,,,2,
,,,8,,,2,
,,,16,,,2,
,,,24,,,2,
,,,7,,,2,
,,,16,,,2,
,,,12,,,2,
,,,7,,,2,
,,,1,,,2,
,,,1,,,2,
,,,4,,,2,
,,,4,,,2,
,,,4,,,2,
,,,2,,,2,
,,,1,,,2,
,,,1,,,2,
,,,20,,,2,
,,,4,,,2,
,,,1,,,2,
,,,1,,,2,
,,,1,,,2,
,,,1,,,2,
,,,1,,,2,
,,,1,,,2,
,,,1,,,2,
,,,1,,,2,
,,,1,,,2,
,,,1,,,2,
,,,2,,,2,
,,,1,,,2,
,,,1,,,2,
,,,1,,,2,
,,,1,,,2,
,,,1,,,2,
,,,8,,,2,
,,,1,,,2,
,,,8,,,2,
,,,16,,,2,
,,,5,,,2,
,,,6,,,2,
,,,4,,,2,
,,,4,,,2,
,,,4,,,2,
,,,1,,,2,
,,,1,,,2,
,,,1,,,2,
,,,1,,,2,
,,,1,,,2,
,,,1,,,2,
,,,1,,,2,
,,,1,,,2,
,,,1,,,2,
,,,6,,,2,
,,,8,,,2,
,,,8,,,2,
,,,24,,,2,
,,,1,,,2,
,,,1,,,2,
,,,1,,,2,
,,,6,,,2,
,,,1,,,2,
,,,1,,,2,
,,,1,,,2,
,,,1,,,2,
,,,1,,,2,
,,,1,,,2,
,,,1,,,2,
,,,2,,,2,
,,,4,,,2,
,,,1,,,2,
,,,4,,,2,
,,,6,,,2,
,,,2,,,2,
,,,4,,,2,
,,,1,,,2,
,,,1,,,2,
,,,16,,,2,
,,,1,,,2,
,,,2,,,2,
,,,1,,,2,
,,,1,,,2,
,,,4,,,2,
,,,4,,,2,
,,,4,,,2,
,,,12,,,2,
,,,24,,,2,
,,,12,,,2,
,,,16,,,2,
,,,1,,,2,
,,,2,,,2,
,,,12,,,2,
,,,2,,,2,
,,,44,,,2,
,,,4,,,2,
,,,1,,,2,
,,,6,,,2,
,,,40,,,2,
,,,16,,,2,
,,,4,,,2,
,,,1,,,2,
,,,2,,,2,
,,,1,,,2,
,,,1,,,2,
,,,1,,,2,
,,,4,,,2,
,,,2,,,2,
,,,1,,,2,
,,,2,,,2,
,,,16,,,2,
,,,8,,,2,
,,,4,,,2,
,,,2,,,2,
,,,2,,,2,
,,,2,,,2,
,,,12,,,2,
,,,2,,,2,
,,,1,,,2,
,,,4,,,2,
,,,12,,,2,
,,,5,,,2,
,,,1,,,2,
,,,4,,,2,
,,,1,,,2,
,,,4,,,2,
,,,4,,,2,
,,,4,,,2,
,,,4,,,2,
,,,4,,,2,
,,,2,,,2,
,,,1,,,2,
,,,8,,,2,
,,,1,,,2,
,,,2,,,2,
,,,1,,,2,
,,,1,,,2,
,,,1,,,2,
,,,8,,,2,
,,,8,,,2,
,,,12,,,2,
,,,12,,,2,
,,,40,,,2,
,,,6,,,2,
,,,1,,,2,
,,,3,,,2,
,,,6,,,2,
,,,4,,,2,
,,,4,,,2,
,,,12,,,2,
,,,8,,,2,
,,,36,,,2,
,,,4,,,2,
,,,4,,,2,
,,,4,,,2,
,,,12,,,2,
,,,2,,,2,
,,,1,,,2,
,,,1,,,2,
,,,1,,,2,
,,,1,,,2,
,,,1,,,2,
,,,4,,,2,
,,,4,,,2,
,,,10,,,2,
,,,4,,,2,
,,,4,,,2,
,,,1,,,2,
,,,1,,,2,
,,,4,,,2,
,,,6,,,2,
,,,6,,,2,
,,,6,,,2,
,,,4,,,2,
,,,4,,,2,
,,,6,,,2,
,,,4,,,2,
,,,20,,,2,
,,,4,,,2,
,,,4,,,2,
,,,6,,,2,
,,,4,,,2,
,,,12,,,2,
,,,20,,,2,
,,,6,,,2,
,,,4,,,2,
,,,1,,,2,
,,,1,,,2,
,,,1,,,2,
,,,12,,,2,
,,,8,,,2,
,,,16,,,2,
,,,6,,,2,
,,,6,,,2,
,,,6,,,2,
,,,8,,,2,
,,,1,,,2,
,,,1,,,2,
,,,4,,,2,
,,,6,,,2,
,,,2,,,2,
,,,4,,,2,
,,,1,,,2,
,,,8,,,2,
,,,6,,,2,
,,,1,,,2,
,,,1,,,2,
,,,4,,,2,
,,,1,,,2,
,,,12,,,2,
,,,12,,,2,
,,,24,,,2,
,,,12,,,2,
,,,1,,,2,
,,,1,,,2,
,,,1,,,2,
,,,1,,,2,
,,,1,,,2,
,,,1,,,2,
,,,1,,,2,
,,,1,,,2,
,,,4,,,2,
,,,1,,,2,
,,,1,,,2,
,,,1,,,2,
,,,1,,,2,
,,,1,,,2,
,,,1,,,2,
,,,1,,,2,
,,,1,,,2,
,,,1,,,2,
,,,1,,,2,
,,,12,,,2,
,,,4,,,2,
,,,4,,,2,
,,,8,,,2,
,,,1,,,2,
,,,1,,,2,
,,,1,,,2,
,,,1,,,2,
,,,1,,,2,
,,,1,,,2,
,,,1,,,2,
,,,1,,,2,
,,,4,,,2,
,,,4,,,2,
,,,16,,,2,
,,,12,,,2,
,,,8,,,2,
,,,12,,,2,
,,,6,,,2,
,,,8,,,2,
,,,4,,,2,
,,,4,,,2,
,,,10,,,2,
,,,1,,,2,
,,,1,,,2,
,,,2,,,2,
,,,2,,,2,
,,,1,,,2,
,,,1,,,2,
,,,4,,,2,
,,,2,,,2,
,,,4,,,2,
,,,6,,,2,
,,,6,,,2,
,,,6,,,2,
,,,6,,,2,
,,,1,,,2,
,,,12,,,2,
,,,8,,,2,
,,,4,,,2,
,,,8,,,2,
,,,1,,,2,
,,,6,,,2,
,,,6,,,2,
,,,15,,,2,
,,,6,,,2,
,,,8,,,2,
,,,12,,,2,
,,,12,,,2,
,,,3,,,2,
,,,6,,,2,
,,,2,,,2,
,,,12,,,2,
,,,12,,,2,
,,,1,,,2,
,,,8,,,2,
,,,1,,,2,
,,,1,,,2,
,,,4,,,2,
,,,6,,,2,
,,,4,,,2,
,,,8,,,2,
,,,8,,,2,
,,,8,,,2,
,,,8,,,2,
,,,1,,,2,
,,,1,,,2,
,,,1,,,2,
,,,4,,,2,
,,,6,,,2,
,,,1,,,2,
,,,1,,,2,
,,,16,,,2,
,,,24,,,2,
,,,20,,,2,
,,,12,,,2,
,,,12,,,2,
,,,8,,,2,
,,,8,,,2,
,,,16,,,2,
,,,24,,,2,
,,,12,,,2,
,,,10,,,2,
,,,4,,,2,
,,,8,,,2,
,,,4,,,2,
,,,3,,,2,
,,,24,,,2,
,,,8,,,2,
,,,8,,,2,
,,,12,,,2,
,,,8,,,2,
,,,1,,,2,
,,,12,,,2,
,,,4,,,2,
,,,1,,,2,
,,,4,,,2,
,,,1,,,2,
,,,1,,,2,
,,,22,,,2,
,,,12,,,2,
,,,20,,,2,
,,,8,,,2,
,,,16,,,2,
,,,4,,,2,
,,,1,,,2,
,,,1,,,2,
,,,20,,,2,
,,,6,,,2,
,,,6,,,2,
,,,4,,,2,
,,,2,,,2,
,,,1,,,2,
,,,1,,,2,
,,,6,,,2,
,,,1,,,2,
,,,16,,,2,
,,,12,,,2,
,,,1,,,2,
,,,1,,,2,
,,,1,,,2,
,,,1,,,2,
,,,1,,,2,
,,,1,,,2,
,,,1,,,2,
,,,1,,,2,
,,,4,,,2,
,,,1,,,2,
,,,1,,,2,
,,,1,,,2,
,,,1,,,2,
,,,1,,,2,
,,,1,,,2,
,,,1,,,2,
,,,2,,,2,
,,,12,,,2,
,,,44,,,2,
,,,1,,,2,
,,,1,,,2,
,,,1,,,2,
,,,1,,,2,
,,,1,,,2,
,,,4,,,2,
,,,2,,,2,
,,,4,,,2,
,,,4,,,2,
,,,1,,,2,
,,,1,,,2,
,,,12,,,2,
,,,8,,,2,
,,,12,,,2,
,,,12,,,2,
,,,8,,,2,
,,,20,,,2,
,,,12,,,2,
,,,8,,,2,
,,,1,,,2,
,,,1,,,2,
,,,4,,,2,
,,,20,,,2,
,,,8,,,2,
,,,1,,,2,
,,,1,,,2,
,,,2,,,2,
,,,4,,,2,
,,,1,,,2,
,,,1,,,2,
,,,1,,,2,
,,,1,,,2,
,,,1,,,2,
,,,1,,,2,
,,,1,,,2,
,,,1,,,2,
,,,1,,,2,
,,,1,,,2,
,,,1,,,2,
,,,1,,,2,
,,,1,,,2,
,,,1,,,2,
,,,1,,,2,
,,,1,,,2,
,,,1,,,2,
,,,1,,,2,
,,,1,,,2,
,,,1,,,2,
,,,1,,,2,
,,,4,,,2,
,,,4,,,2,
,,,8,,,2,
,,,12,,,2,
,,,8,,,2,
,,,16,,,2,
,,,1,,,2,
,,,1,,,2,
,,,1,,,2,
,,,1,,,2,
,,,1,,,2,
,,,1,,,2,
,,,2,,,2,
,,,10,,,2,
,,,1,,,2,
,,,8,,,2,
,,,12,,,2,
,,,24,,,2,
,,,32,,,2,
,,,8,,,2,
,,,1,,,2,
,,,6,,,2,
,,,2,,,2,
,,,3,,,2,
,,,2,,,2,
,,,4,,,2,
,,,10,,,2,
,,,1,,,2,
,,,1,,,2,
,,,24,,,2,
,,,12,,,2,
,,,12,,,2,
,,,20,,,2,
,,,16,,,2,
,,,1,,,2,
,,,1,,,2,
,,,1,,,2,
,,,1,,,2,
,,,1,,,2,
,,,1,,,2,
,,,1,,,2,
,,,1,,,2,
,,,1,,,2,
,,,6,,,2,
,,,4,,,2,
,,,4,,,2,
,,,1,,,2,
,,,1,,,2,
,,,6,,,2,
,,,12,,,2,
,,,8,,,2,
,,,16,,,2,
,,,8,,,2,
,,,8,,,2,
,,,6,,,2,
,,,1,,,2,
,,,1,,,2,
,,,1,,,2,
,,,1,,,2,
,,,1,,,2,
,,,1,,,2,
,,,2,,,2,
,,,12,,,2,
,,,1,,,2,
,,,1,,,2,
,,,12,,,2,
,,,16,,,2,
,,,12,,,2,
,,,4,,,2,
,,,8,,,2,
,,,1,,,2,
,,,1,,,2,
,,,4,,,2,
,,,8,,,2,
,,,2,,,2,
,,,2,,,2,
,,,2,,,2,
,,,2,,,2,
,,,2,,,2,
,,,2,,,2,
,,,12,,,2,
,,,16,,,2,
,,,16,,,2,
,,,1,,,2,
,,,1,,,2,
,,,1,,,2,
,,,1,,,2,
,,,4,,,2,
,,,4,,,2,
,,,1,,,2,
,,,6,,,2,
,,,2,,,2,
,,,10,,,2,
,,,4,,,2,
,,,8,,,2,
,,,6,,,2,
,,,6,,,2,
,,,12,,,2,
,,,12,,,2,
,,,4,,,2,
,,,1,,,2,
,,,1,,,2,
,,,1,,,2,
,,,16,,,2,
,,,4,,,2,
,,,1,,,2,
,,,1,,,2,
,,,1,,,2,
,,,2,,,2,
,,,2,,,2,
,,,1,,,2,
,,,1,,,2,
,,,32,,,2,
,,,8,,,2,
,,,1,,,2,
,,,1,,,2,
,,,1,,,2,
,,,8,,,2,
,,,6,,,2,
,,,4,,,2,
,,,6,,,2,
,,,6,,,2,
,,,8,,,2,
,,,6,,,2,
,,,4,,,2,
,,,6,,,2,
,,,16,,,2,
,,,16,,,2,
,,,16,,,2,
,,,12,,,2,
,,,8,,,2,
,,,4,,,2,
,,,1,,,2,
,,,1,,,2,
,,,1,,,2,
,,,8,,,2,
,,,20,,,2,
,,,1,,,2,
,,,1,,,2,
,,,1,,,2,
,,,1,,,2,
,,,1,,,2,
,,,24,,,2,
,,,8,,,2,
,,,8,,,2,
,,,20,,,2,
,,,4,,,2,
,,,4,,,2,
,,,4,,,2,
,,,2,,,2,
,,,1,,,2,
,,,1,,,2,
,,,1,,,2,
,,,1,,,2,
,,,1,,,2,
,,,1,,,2,
,,,1,,,2,
,,,1,,,2,
,,,1,,,2,
,,,1,,,2,
,,,1,,,2,
,,,2,,,2,
,,,3,,,2,
,,,4,,,2,
,,,4,,,2,
,,,2,,,2,
,,,2,,,2,
,,,1,,,2,
,,,8,,,2,
,,,2,,,2,
,,,2,,,2,
,,,4,,,2,
,,,8,,,2,
,,,8,,,2,
,,,8,,,2,
,,,2,,,2,
,,,2,,,2,
,,,2,,,2,
,,,2,,,2,
,,,8,,,2,
,,,1,,,2,
,,,2,,,2,
,,,2,,,2,
,,,4,,,2,
,,,2,,,2,
,,,1,,,2,
,,,2,,,2,
,,,16,,,2,
,,,12,,,2,
,,,16,,,2,
,,,6,,,2,
,,,8,,,2,
,,,10,,,2,
,,,6,,,2,
,,,6,,,2,
,,,6,,,2,
,,,1,,,2,
,,,1,,,2,
,,,12,,,2,
,,,16,,,2,
,,,8,,,2,
,,,4,,,2,
,,,2,,,2,
,,,8,,,2,
,,,6,,,2,
,,,8,,,2,
,,,4,,,2,
,,,6,,,2,
,,,4,,,2,
,,,12,,,2,
,,,2,,,2,
,,,1,,,2,
,,,1,,,2,
,,,1,,,2,
,,,1,,,2,
,,,1,,,2,
,,,1,,,2,
,,,4,,,2,
,,,10,,,2,
,,,1,,,2,
,,,4,,,2,
,,,8,,,2,
,,,10,,,2,
,,,4,,,2,
,,,2,,,2,
,,,4,,,2,
,,,2,,,2,
,,,1,,,2,
,,,6,,,2,
,,,1,,,2,
,,,1,,,2,
,,,3,,,2,
,,,4,,,2,
,,,16,,,2,
,,,1,,,2,
,,,1,,,2,
,,,12,,,2,
,,,50,,,2,
,,,36,,,2,
,,,12,,,2,
,,,54,,,2,
,,,30,,,2,
,,,10,,,2,
,,,36,,,2,
,,,26,,,2,
,,,108,,,2,
,,,24,,,2,
,,,48,,,2,
,,,5,,,2,
,,,12,,,2,
,,,8,,,2,
,,,16,,,2,
,,,20,,,2,
,,,8,,,2,
,,,1,,,2,
,,,2,,,2,
,,,6,,,2,
,,,6,,,2,
,,,1,,,2,
,,,1,,,2,
,,,1,,,2,
,,,1,,,2,
,,,1,,,2,
,,,1,,,2,
,,,1,,,2,
,,,4,,,2,
,,,6,,,2,
,,,2,,,2,
,,,2,,,2,
,,,2,,,2,
,,,2,,,2,
,,,2,,,2,
,,,2,,,2,
,,,2,,,2,
,,,2,,,2,
,,,2,,,2,
,,,2,,,2,
,,,2,,,2,
,,,2,,,2,
,,,2,,,2,
,,,2,,,2,
,,,2,,,2,
,,,2,,,2,
,,,2,,,2,
,,,2,,,2,
,,,2,,,2,
,,,2,,,2,
,,,2,,,2,
,,,2,,,2,
,,,2,,,2,
,,,2,,,2,
,,,2,,,2,
,,,2,,,2,
,,,2,,,2,
,,,2,,,2,
,,,2,,,2,
,,,2,,,2,
,,,2,,,2,
,,,2,,,2,
,,,2,,,2,
,,,2,,,2,
,,,2,,,2,
,,,2,,,2,
,,,2,,,2,
,,,2,,,2,
,,,2,,,2,
,,,2,,,2,
,,,2,,,2,
,,,2,,,2,
,,,2,,,2,
,,,2,,,2,
,,,2,,,2,
,,,2,,,2,
,,,2,,,2,
,,,2,,,2,
,,,2,,,2,
,,,2,,,2,
,,,2,,,2,
,,,2,,,2,
,,,2,,,2,
,,,2,,,2,
,,,2,,,2,
,,,8,,,2,
,,,4,,,2,
,,,4,,,2,
,,,6,,,2,
,,,12,,,2,
,,,12,,,2,
,,,1,,,2,
,,,4,,,2,
,,,2,,,2,
,,,2,,,2,
,,,1,,,2,
,,,1,,,2,
,,,12,,,2,
,,,12,,,2,
,,,1,,,2,
,,,2,,,2,
,,,1,,,2,
,,,1,,,2,
,,,1,,,2,
,,,1,,,2,
,,,1,,,2,
,,,1,,,2,
,,,1,,,2,
,,,1,,,2,
,,,1,,,2,
,,,1,,,2,
,,,12,,,2,
,,,20,,,2,
,,,10,,,2,
,,,8,,,2,
,,,12,,,2,
,,,2,,,2,
,,,2,,,2,
,,,1,,,2,
,,,1,,,2,
,,,3,,,2,
,,,1,,,2,
,,,1,,,2,
,,,1,,,2,
,,,1,,,2,
,,,4,,,2,
,,,6,,,2,
,,,3,,,2,
,,,2,,,2,
,,,8,,,2,
,,,4,,,2,
,,,1,,,2,
,,,8,,,2,
,,,12,,,2,
,,,12,,,2,
,,,4,,,2,
,,,8,,,2,
,,,8,,,2,
,,,8,,,2,
,,,1,,,2,
,,,1,,,2,
,,,20,,,2,
,,,12,,,2,
,,,16,,,2,
,,,20,,,2,
,,,16,,,2,
,,,32,,,2,
,,,12,,,2,
,,,12,,,2,
,,,10,,,2,
,,,1,,,2,
,,,1,,,2,
,,,1,,,2,
,,,1,,,2,
,,,1,,,2,
,,,1,,,2,
,,,1,,,2,
,,,1,,,2,
,,,1,,,2,
,,,1,,,2,
,,,1,,,2,
,,,1,,,2,
,,,1,,,2,
,,,10,,,2,
,,,6,,,2,
,,,8,,,2,
,,,1,,,2,
,,,8,,,2,
,,,12,,,2,
,,,8,,,2,
,,,1,,,2,
,,,3,,,2,
,,,1,,,2,
,,,1,,,2,
,,,1,,,2,
,,,1,,,2,
,,,20,,,2,
,,,24,,,2,
,,,8,,,2,
,,,8,,,2,
,,,1,,,2,
,,,1,,,2,
,,,1,,,2,
,,,1,,,2,
,,,1,,,2,
,,,1,,,2,
,,,1,,,2,
,,,1,,,2,
,,,20,,,2,
,,,28,,,2,
,,,8,,,2,
,,,12,,,2,
,,,1,,,2,
,,,8,,,2,
,,,1,,,2,
,,,1,,,2,
