Latitude,Longitude,Details,Required Chargers
32.88606999999992,-117.08598200000007,Vehicles Nearby: 8727,546
38.333132999999975,-121.920151,Vehicles Nearby: 1141,72
36.793476999999996,-119.956818,Vehicles Nearby: 1045,66
34.2605131,-118.326723,Vehicles Nearby: 8253,516
34.4350031,-119.6105419,Vehicles Nearby: 1425,90
40.8052226,-124.1646655,Vehicles Nearby: 382,24
37.67394399999994,-121.51722699999993,Vehicles Nearby: 2138,134
33.807607000000004,-117.01516300000002,Vehicles Nearby: 764,48
47.631695,-122.240405,Vehicles Nearby: 53,4
38.449136999999965,-122.79375200000001,Vehicles Nearby: 3878,243
35.463544,-120.69291100000001,Vehicles Nearby: 822,52
40.18189,-122.377104,Vehicles Nearby: 118,8
35.24512,-118.9411,Vehicles Nearby: 189,12
33.988505,-118.33635800000002,Vehicles Nearby: 30181,1887
37.3607935,-122.0968991,Vehicles Nearby: 28726,1796
33.903134000000016,-117.39804400000004,Vehicles Nearby: 4533,284
33.75395900000001,-116.24648699999996,Vehicles Nearby: 1937,122
37.67290599999997,-120.94659400000002,Vehicles Nearby: 1770,111
33.15849999999995,-117.27716300000002,Vehicles Nearby: 9728,608
37.8641059,-122.2462392,Vehicles Nearby: 18649,1166
34.29333800000002,-118.60311800000002,Vehicles Nearby: 10415,651
36.178090999999995,-119.370752,Vehicles Nearby: 337,22
32.725583,-115.47268,Vehicles Nearby: 189,12
34.747389999999996,-118.36924899999997,Vehicles Nearby: 1106,70
34.923013,-120.259463,Vehicles Nearby: 227,15
34.131587,-117.614893,Vehicles Nearby: 8323,521
39.305245000000006,-123.748616,Vehicles Nearby: 100,7
39.68571000000002,-121.84408399999998,Vehicles Nearby: 673,43
33.50186000000005,-117.60864600000002,Vehicles Nearby: 8476,530
38.04993900000003,-121.23297000000002,Vehicles Nearby: 958,60
38.11216600000001,-122.63438399999998,Vehicles Nearby: 854,54
34.136077,-118.88891900000002,Vehicles Nearby: 6407,401
34.15403999999996,-118.59315300000004,Vehicles Nearby: 19805,1238
33.58001600000013,-117.1473600000001,Vehicles Nearby: 5601,351
36.75151900000002,-119.680602,Vehicles Nearby: 2010,126
38.92281200000007,-121.31200499999997,Vehicles Nearby: 1611,101
37.92222799999986,-121.6683589999999,Vehicles Nearby: 4132,259
34.585234,-117.453724,Vehicles Nearby: 191,12
38.482619,-120.899472,Vehicles Nearby: 35,3
38.098070999999976,-122.13593999999999,Vehicles Nearby: 2227,140
35.606509,-117.68347199999998,Vehicles Nearby: 212,14
38.44201100000009,-122.23831999999996,Vehicles Nearby: 1809,114
32.7518076,-117.001918,Vehicles Nearby: 7507,470
34.227892,-119.07955199999999,Vehicles Nearby: 1273,80
37.5190529,-120.8471228,Vehicles Nearby: 1030,65
37.492115000000005,-118.390408,Vehicles Nearby: 108,7
35.17604299999999,-120.47669399999998,Vehicles Nearby: 798,50
34.092539999999985,-118.49106399999995,Vehicles Nearby: 31288,1956
37.714508999999914,-122.07954199999998,Vehicles Nearby: 11862,742
45.640067,-122.625018,Vehicles Nearby: 6,1
34.479453000000014,-120.08409399999998,Vehicles Nearby: 989,62
33.6474401,-117.687623,Vehicles Nearby: 23801,1488
37.03646100000003,-122.12174999999993,Vehicles Nearby: 1946,122
37.33598699999991,-121.77760300000003,Vehicles Nearby: 8846,553
38.085839,-120.37855,Vehicles Nearby: 21,2
37.9522715,-122.550052,Vehicles Nearby: 9347,585
40.751936999999955,-122.23067800000001,Vehicles Nearby: 319,20
33.91713999999999,-118.40426700000002,Vehicles Nearby: 36347,2272
37.74303899999997,-121.23838000000002,Vehicles Nearby: 1326,83
34.57086700000001,-118.023744,Vehicles Nearby: 452,29
39.347810999999986,-120.91872800000002,Vehicles Nearby: 334,21
38.5545359,-121.7870207,Vehicles Nearby: 1200,75
37.34578499999999,-120.42415,Vehicles Nearby: 559,35
35.393866,-119.244846,Vehicles Nearby: 628,40
34.185665999999976,-118.23949399999997,Vehicles Nearby: 21397,1338
33.9318178,-117.5999665,Vehicles Nearby: 6526,408
34.03733999999998,-119.800786,Vehicles Nearby: 740,47
32.94579099999991,-117.21436600000021,Vehicles Nearby: 12725,796
34.4623278,-118.5566385,Vehicles Nearby: 4240,265
33.64952800000002,-117.37677400000004,Vehicles Nearby: 1916,120
38.936137,-123.119445,Vehicles Nearby: 21,2
38.99418700000001,-121.59459100000001,Vehicles Nearby: 617,39
36.295014,-119.026031,Vehicles Nearby: 105,7
38.6811234,-121.0475448,Vehicles Nearby: 6280,393
34.141358,-115.62116799999998,Vehicles Nearby: 110,7
37.006700000000016,-121.87820700000002,Vehicles Nearby: 1522,96
37.762174000000165,-121.91578800000015,Vehicles Nearby: 19108,1195
36.917573000000026,-119.593481,Vehicles Nearby: 1744,109
38.34488799999997,-121.43123100000005,Vehicles Nearby: 4130,259
34.03230099999999,-117.01057399999998,Vehicles Nearby: 2454,154
41.81957799999999,-124.06566699999999,Vehicles Nearby: 74,5
34.011953000000005,-117.159699,Vehicles Nearby: 1798,113
33.131156000000004,-116.97699699999997,Vehicles Nearby: 949,60
34.530199,-119.310133,Vehicles Nearby: 633,40
36.76938899999999,-121.66753199999998,Vehicles Nearby: 759,48
35.26146,-116.690324,Vehicles Nearby: 44,3
38.4426174,-122.5308898,Vehicles Nearby: 1052,66
37.17406299999991,-121.5987469999999,Vehicles Nearby: 3061,192
32.80856300000002,-116.71007599999999,Vehicles Nearby: 336,21
38.7311645,-121.3653103,Vehicles Nearby: 5158,323
36.389618,-121.343146,Vehicles Nearby: 128,8
37.6619214,-121.855933,Vehicles Nearby: 3329,209
34.18001,-117.77393899999997,Vehicles Nearby: 4313,270
38.634821999999986,-122.61505100000001,Vehicles Nearby: 185,12
33.837959999999974,-117.87049400000002,Vehicles Nearby: 17573,1099
38.05172600000002,-121.48303600000003,Vehicles Nearby: 768,48
36.29223000000001,-119.622676,Vehicles Nearby: 458,29
35.621087,-118.789677,Vehicles Nearby: 260,17
37.32123300000001,-120.654395,Vehicles Nearby: 288,18
37.45289500000001,-121.229974,Vehicles Nearby: 506,32
37.24662299999992,-121.7338329999999,Vehicles Nearby: 5071,317
33.5282882,-117.717662,Vehicles Nearby: 15635,978
34.571217999999995,-117.133073,Vehicles Nearby: 391,25
37.76821799999989,-121.60950900000005,Vehicles Nearby: 2694,169
34.533222000000016,-119.791731,Vehicles Nearby: 1670,105
35.250048,-120.6252368,Vehicles Nearby: 1528,96
34.604105000000004,-118.23921300000003,Vehicles Nearby: 1340,84
35.98808700000001,-118.860221,Vehicles Nearby: 278,18
33.39047699999996,-117.20942699999995,Vehicles Nearby: 1370,86
34.2736056,-118.555041,Vehicles Nearby: 13291,831
33.17077499999996,-117.15867600000003,Vehicles Nearby: 6651,416
37.51998600000002,-121.57559600000008,Vehicles Nearby: 2159,135
36.86220900000001,-119.760793,Vehicles Nearby: 4043,253
33.51122800000001,-117.04239600000008,Vehicles Nearby: 3945,247
35.118772,-118.49381099999998,Vehicles Nearby: 318,20
32.77601200000002,-116.88063400000001,Vehicles Nearby: 2036,128
38.23455300000002,-122.76038500000004,Vehicles Nearby: 1257,79
33.8321595,-118.2797865,Vehicles Nearby: 12875,805
40.601778000000024,-122.45497300000001,Vehicles Nearby: 338,22
34.222079,-116.564222,Vehicles Nearby: 11,1
34.32658400000002,-118.382261,Vehicles Nearby: 5107,320
35.662509,-120.74986500000001,Vehicles Nearby: 574,36
33.74808599999995,-117.46803700000004,Vehicles Nearby: 1851,116
36.90204499999999,-121.35078299999995,Vehicles Nearby: 1087,68
37.5496813,-122.0896594,Vehicles Nearby: 6740,422
34.12330499999997,-118.67102499999999,Vehicles Nearby: 10897,682
34.83179200000001,-120.43350899999999,Vehicles Nearby: 620,39
39.19638699999999,-120.97228900000002,Vehicles Nearby: 246,16
38.24483899999998,-122.13586100000012,Vehicles Nearby: 1682,106
38.670649000000026,-121.52598300000002,Vehicles Nearby: 4893,306
33.96372300000013,-117.73859599999987,Vehicles Nearby: 16455,1029
33.8917222,-117.209334,Vehicles Nearby: 1423,89
37.89993600000005,-121.99924400000009,Vehicles Nearby: 10159,635
37.4059857,-122.121416,Vehicles Nearby: 25538,1597
35.19240400000001,-119.17586600000001,Vehicles Nearby: 1215,76
34.28033300000002,-117.866141,Vehicles Nearby: 1072,67
33.9870413,-117.8925164,Vehicles Nearby: 18344,1147
33.606694999999924,-117.60435999999991,Vehicles Nearby: 12089,756
39.135023000000004,-123.259338,Vehicles Nearby: 321,21
38.39928099999999,-121.210116,Vehicles Nearby: 163,11
33.6687456,-117.7332496,Vehicles Nearby: 31449,1966
41.31433700000001,-122.380798,Vehicles Nearby: 78,5
37.209821000000005,-119.749802,Vehicles Nearby: 90,6
32.8521688,-117.2571827,Vehicles Nearby: 7590,475
33.736458,-114.687973,Vehicles Nearby: 44,3
34.71365600000001,-117.86465999999999,Vehicles Nearby: 518,33
34.0178788,-117.59212,Vehicles Nearby: 6387,400
34.28366799999999,-119.223196,Vehicles Nearby: 2452,154
36.391777000000005,-119.372842,Vehicles Nearby: 700,44
37.37682800000003,-122.20979599999998,Vehicles Nearby: 13215,826
33.66584799999998,-117.04966000000005,Vehicles Nearby: 1770,111
34.384697000000024,-118.64724400000003,Vehicles Nearby: 4966,311
33.75404800000006,-117.75227299999992,Vehicles Nearby: 27626,1727
39.25902200000001,-121.776826,Vehicles Nearby: 120,8
37.78723600000001,-120.75920199999999,Vehicles Nearby: 308,20
34.376159000000015,-117.29439700000002,Vehicles Nearby: 487,31
32.983606000000066,-117.0190349999999,Vehicles Nearby: 4673,293
34.595668999999994,-120.352667,Vehicles Nearby: 444,28
39.47536000000001,-121.41411,Vehicles Nearby: 105,7
32.61945899999991,-116.98582000000007,Vehicles Nearby: 8912,557
38.6724297,-121.1558851,Vehicles Nearby: 7925,496
34.441596000000004,-118.44810899999999,Vehicles Nearby: 3835,240
34.1017097,-117.2888692,Vehicles Nearby: 2543,159
36.415603,-121.63765100000002,Vehicles Nearby: 310,20
37.792681999999964,-121.86058999999989,Vehicles Nearby: 9944,622
38.2441635,-122.299168,Vehicles Nearby: 1389,87
37.26049900000012,-122.04616500000019,Vehicles Nearby: 14498,907
38.62298500000003,-122.88912099999997,Vehicles Nearby: 635,40
37.18614099999986,-121.84355499999995,Vehicles Nearby: 13805,863
37.9652976,-121.781917,Vehicles Nearby: 2985,187
38.42750700000002,-121.314899,Vehicles Nearby: 3030,190
35.3412164,-119.051032,Vehicles Nearby: 1226,77
38.832519999999995,-123.472532,Vehicles Nearby: 117,8
34.19332599999996,-118.81868400000005,Vehicles Nearby: 7520,470
36.197785,-120.422249,Vehicles Nearby: 55,4
38.43396799999999,-119.968436,Vehicles Nearby: 56,4
34.408547999999996,-118.12359199999999,Vehicles Nearby: 526,33
41.028176,-121.308316,Vehicles Nearby: 6,1
34.12719400000003,-118.29564699999996,Vehicles Nearby: 33885,2118
37.548799,-118.839818,Vehicles Nearby: 82,6
36.556387,-118.054221,Vehicles Nearby: 16,1
34.3050358,-118.8987045,Vehicles Nearby: 2888,181
37.75050200000007,-121.74905499999996,Vehicles Nearby: 1415,89
38.02236600000003,-122.55560500000004,Vehicles Nearby: 6697,419
34.894366,-114.640335,Vehicles Nearby: 12,1
37.066986,-122.0056659,Vehicles Nearby: 1798,113
35.779507,-119.200825,Vehicles Nearby: 118,8
33.99900500000001,-117.97214600000007,Vehicles Nearby: 12484,781
38.3346278,-123.0496156,Vehicles Nearby: 181,12
33.8069162,-117.9227207,Vehicles Nearby: 22717,1420
33.64176699999997,-116.27394300000005,Vehicles Nearby: 1260,79
37.4300692,-122.2989649,Vehicles Nearby: 6613,414
36.651745000000005,-121.59944399999999,Vehicles Nearby: 1383,87
35.3118622,-120.832629,Vehicles Nearby: 341,22
33.05300599999999,-116.850651,Vehicles Nearby: 668,42
33.8574579,-118.0785393,Vehicles Nearby: 18505,1157
36.9360488,-121.7443663,Vehicles Nearby: 929,59
38.9627361,-122.634245,Vehicles Nearby: 42,3
38.149815999999994,-120.84667,Vehicles Nearby: 110,7
39.89162399999998,-121.84198199999997,Vehicles Nearby: 384,24
35.16374,-117.886527,Vehicles Nearby: 79,5
38.4220022,-121.4454761,Vehicles Nearby: 5457,342
37.9539711,-122.0610372,Vehicles Nearby: 9155,573
34.20083400000004,-118.66490000000002,Vehicles Nearby: 11832,740
37.80891499999996,-121.31263899999996,Vehicles Nearby: 1645,103
37.50451399999992,-122.0329159999999,Vehicles Nearby: 17221,1077
39.492841999999996,-123.34097299999999,Vehicles Nearby: 98,7
36.984885,-119.873914,Vehicles Nearby: 440,28
38.5016047,-122.7513416,Vehicles Nearby: 3483,218
34.980294,-116.964449,Vehicles Nearby: 110,7
38.7710902,-121.3698634,Vehicles Nearby: 4891,306
37.8731755,-122.4563742,Vehicles Nearby: 3263,204
40.270731,-121.039461,Vehicles Nearby: 13,1
36.20506,-121.010363,Vehicles Nearby: 79,5
39.099230000000006,-121.13884799999998,Vehicles Nearby: 234,15
35.585018,-121.041461,Vehicles Nearby: 173,11
33.54761300000004,-117.34403999999998,Vehicles Nearby: 1597,100
37.42456500000005,-121.74859699999995,Vehicles Nearby: 3496,219
38.69861400000002,-121.69926200000003,Vehicles Nearby: 599,38
33.244442,-117.291178,Vehicles Nearby: 4075,255
34.196025999999975,-118.99253100000001,Vehicles Nearby: 3526,221
38.40857100000001,-122.02277499999995,Vehicles Nearby: 817,52
33.76563900000005,-117.79007499999994,Vehicles Nearby: 24990,1562
37.51690700000005,-121.91176300000014,Vehicles Nearby: 22855,1429
33.253548000000016,-117.00336599999996,Vehicles Nearby: 585,37
36.817791,-119.457602,Vehicles Nearby: 258,17
34.12328599999997,-118.75854099999998,Vehicles Nearby: 5440,340
34.768503,-119.030293,Vehicles Nearby: 57,4
37.2946801,-122.0816201,Vehicles Nearby: 28728,1796
35.03719799999999,-120.50459300000001,Vehicles Nearby: 706,45
38.652065000000064,-121.25441000000002,Vehicles Nearby: 4974,311
33.9443513,-118.4062065,Vehicles Nearby: 37354,2335
32.88144899999999,-115.675459,Vehicles Nearby: 167,11
40.765478,-122.941428,Vehicles Nearby: 18,2
39.491654,-122.26208,Vehicles Nearby: 33,3
38.28074499999994,-122.00637999999996,Vehicles Nearby: 1298,82
38.542448000000014,-122.41992299999998,Vehicles Nearby: 424,27
32.8575383,-117.1852012,Vehicles Nearby: 14915,933
34.30872899999998,-118.68722299999999,Vehicles Nearby: 5377,337
39.22393899999999,-121.49404999999999,Vehicles Nearby: 183,12
36.918079,-120.185933,Vehicles Nearby: 246,16
33.84045099999995,-117.60196099999997,Vehicles Nearby: 7047,441
34.004467999999974,-117.68469700000007,Vehicles Nearby: 11473,718
34.2022646,-118.5363484,Vehicles Nearby: 21642,1353
41.068267,-124.1489841,Vehicles Nearby: 67,5
40.322772,-123.920622,Vehicles Nearby: 9,1
34.156528999999985,-117.84160500000003,Vehicles Nearby: 5152,322
34.62439499999999,-120.137875,Vehicles Nearby: 441,28
36.83428900000001,-119.83335,Vehicles Nearby: 3275,205
35.16318999999999,-119.046322,Vehicles Nearby: 664,42
34.374009,-117.628429,Vehicles Nearby: 119,8
36.44867199999999,-121.84950200000004,Vehicles Nearby: 667,42
38.398814999999935,-122.86192299999998,Vehicles Nearby: 1734,109
34.480247,-117.408184,Vehicles Nearby: 891,56
37.71802300000002,-121.03271399999998,Vehicles Nearby: 1192,75
33.889702000000035,-117.11342700000003,Vehicles Nearby: 901,57
36.29227,-119.829463,Vehicles Nearby: 212,14
34.40250899999997,-118.36342700000003,Vehicles Nearby: 3223,202
37.284528999999935,-121.65832099999994,Vehicles Nearby: 4009,251
38.57778300000004,-121.20178799999995,Vehicles Nearby: 2075,130
37.8233204,-122.2071845,Vehicles Nearby: 16877,1055
38.137068,-121.38454600000001,Vehicles Nearby: 539,34
38.6765755,-121.8685358,Vehicles Nearby: 345,22
33.022474,-116.493688,Vehicles Nearby: 58,4
34.06611699999998,-118.84634199999999,Vehicles Nearby: 2874,180
36.6841596,-121.79642,Vehicles Nearby: 1041,66
37.8849857,-122.5706681,Vehicles Nearby: 5916,370
37.46945300000002,-122.41184099999995,Vehicles Nearby: 2482,156
38.4866182,-121.5351981,Vehicles Nearby: 3099,194
38.523861,-120.376629,Vehicles Nearby: 34,3
34.02452000000001,-117.28925499999997,Vehicles Nearby: 3382,212
34.50662699999999,-118.69904799999999,Vehicles Nearby: 2048,128
34.402342999999995,-119.094824,Vehicles Nearby: 320,20
38.23501400000003,-122.55733199999993,Vehicles Nearby: 936,59
38.61212899999999,-120.96452200000002,Vehicles Nearby: 560,35
33.69267299999996,-117.30295699999995,Vehicles Nearby: 2885,181
33.745761999999985,-118.208042,Vehicles Nearby: 6336,396
38.412614999999995,-121.75622200000001,Vehicles Nearby: 386,25
36.975642,-121.983443,Vehicles Nearby: 1506,95
34.1899742,-119.2327807,Vehicles Nearby: 1978,124
32.654821,-116.465541,Vehicles Nearby: 39,3
33.66730100000001,-116.96350599999998,Vehicles Nearby: 1759,110
37.6525286,-122.0532083,Vehicles Nearby: 10591,662
34.1654839,-117.5233721,Vehicles Nearby: 7117,445
34.2064242,-118.8844286,Vehicles Nearby: 8956,560
38.80917499999999,-121.171375,Vehicles Nearby: 2764,173
32.990032,-117.075396,Vehicles Nearby: 12318,770
34.1842684,-118.1310397,Vehicles Nearby: 14976,936
33.95029499999998,-118.02435199999998,Vehicles Nearby: 11567,723
33.94894799999999,-116.83236200000002,Vehicles Nearby: 328,21
33.117153999999935,-117.18062700000013,Vehicles Nearby: 8365,523
34.21243300000001,-117.38123900000002,Vehicles Nearby: 1109,70
34.106896000000006,-119.099535,Vehicles Nearby: 683,43
37.9912307,-121.7039944,Vehicles Nearby: 4915,308
34.32261800000001,-118.23757000000003,Vehicles Nearby: 2574,161
33.54723800000014,-117.62376100000007,Vehicles Nearby: 21154,1323
33.819545,-117.9601612,Vehicles Nearby: 20660,1292
33.746707,-117.17214199999998,Vehicles Nearby: 1508,95
34.18589399999999,-116.43241600000002,Vehicles Nearby: 208,13
39.08249699999999,-121.68011400000002,Vehicles Nearby: 461,29
37.7753584,-122.145787,Vehicles Nearby: 9991,625
38.627950999999975,-121.59328699999996,Vehicles Nearby: 4445,278
34.440891000000036,-118.501747,Vehicles Nearby: 5811,364
34.08746000000005,-118.54423199999994,Vehicles Nearby: 18952,1185
32.83879800000005,-116.86995600000003,Vehicles Nearby: 2315,145
32.7839251,-117.0596437,Vehicles Nearby: 11923,746
32.7082775,-117.0726661,Vehicles Nearby: 12287,768
34.083305,-117.968609,Vehicles Nearby: 14126,883
38.192498,-121.92752899999999,Vehicles Nearby: 463,29
40.825486000000005,-124.049485,Vehicles Nearby: 257,17
37.9613153,-122.5002485,Vehicles Nearby: 7334,459
32.725349,-117.228983,Vehicles Nearby: 8731,546
33.765401,-116.334205,Vehicles Nearby: 1898,119
38.13406799999997,-122.52719000000002,Vehicles Nearby: 1527,96
35.468183,-118.77964899999999,Vehicles Nearby: 453,29
33.708592,-116.49762199999994,Vehicles Nearby: 805,51
37.35748900000005,-122.14443700000015,Vehicles Nearby: 20991,1312
33.142077,-116.106046,Vehicles Nearby: 35,3
36.658709,-119.401274,Vehicles Nearby: 133,9
39.0199922,-122.0559382,Vehicles Nearby: 32,2
33.21993499999998,-117.20260600000003,Vehicles Nearby: 6312,395
34.205246999999986,-119.174092,Vehicles Nearby: 3037,190
34.424366000000006,-117.16129500000001,Vehicles Nearby: 374,24
37.2628961,-121.932567,Vehicles Nearby: 21479,1343
32.990120999999995,-115.358757,Vehicles Nearby: 78,5
38.11649,-122.930351,Vehicles Nearby: 90,6
33.624455999999924,-117.78142299999996,Vehicles Nearby: 23925,1496
38.48954399999994,-121.32345399999994,Vehicles Nearby: 4612,289
38.11438799999999,-121.14465800000002,Vehicles Nearby: 359,23
37.87992000000003,-122.18457199999997,Vehicles Nearby: 14346,897
38.14886200000001,-121.737696,Vehicles Nearby: 205,13
36.375589999999995,-119.211689,Vehicles Nearby: 304,19
33.67901000000007,-118.01460300000008,Vehicles Nearby: 13706,857
36.814503,-120.57524,Vehicles Nearby: 33,3
39.923446000000006,-122.270806,Vehicles Nearby: 49,4
33.6170068,-117.6494139,Vehicles Nearby: 17571,1099
35.296958,-120.73313399999999,Vehicles Nearby: 512,32
38.744421,-121.1732264,Vehicles Nearby: 7361,461
38.525732999999946,-122.69044299999999,Vehicles Nearby: 2304,144
39.045930999999996,-122.941077,Vehicles Nearby: 75,5
34.713291999999996,-118.15292000000001,Vehicles Nearby: 358,23
34.545587,-118.42009499999999,Vehicles Nearby: 701,44
34.294615,-118.50700099999997,Vehicles Nearby: 10457,654
41.609516,-122.963525,Vehicles Nearby: 10,1
47.224432,-122.541082,Vehicles Nearby: 6,1
33.0930727,-117.2910388,Vehicles Nearby: 10699,669
34.01819499999999,-117.85482100000004,Vehicles Nearby: 12360,773
35.652242,-119.4464,Vehicles Nearby: 54,4
37.91885399999999,-121.417427,Vehicles Nearby: 502,32
37.4567615,-122.2297184,Vehicles Nearby: 18717,1170
38.56886600000001,-122.079781,Vehicles Nearby: 166,11
37.5232544,-122.2518725,Vehicles Nearby: 14159,885
32.55702199999996,-117.00621400000003,Vehicles Nearby: 5944,372
39.59394499999999,-121.581363,Vehicles Nearby: 66,5
38.1194226,-122.2090254,Vehicles Nearby: 3112,195
33.09546999999989,-117.24388200000004,Vehicles Nearby: 12176,761
33.460512,-116.084589,Vehicles Nearby: 34,3
37.2376501,-121.832311,Vehicles Nearby: 18484,1156
40.51087,-121.876112,Vehicles Nearby: 21,2
33.61784399999999,-117.25930399999997,Vehicles Nearby: 2054,129
34.501472,-117.29204800000001,Vehicles Nearby: 672,42
34.049808999999996,-117.47061299999999,Vehicles Nearby: 2897,182
38.6379171,-121.3305,Vehicles Nearby: 6473,405
38.281108,-119.384449,Vehicles Nearby: 10,1
33.787291999999994,-117.32067299999999,Vehicles Nearby: 476,30
37.377787,-119.632385,Vehicles Nearby: 60,4
33.5410626,-117.1171448,Vehicles Nearby: 6389,400
33.212444000000005,-117.116098,Vehicles Nearby: 3465,217
37.72272000000002,-122.02155199999997,Vehicles Nearby: 7659,479
33.89113299999998,-117.326749,Vehicles Nearby: 4493,281
38.4807614,-121.410185,Vehicles Nearby: 5102,319
38.274451,-121.25920099999999,Vehicles Nearby: 421,27
37.216953000000025,-121.9265549999999,Vehicles Nearby: 19779,1237
32.674004000000004,-116.94393199999999,Vehicles Nearby: 6230,390
38.80034899999999,-120.503871,Vehicles Nearby: 63,4
34.4521463,-118.6360958,Vehicles Nearby: 3987,250
34.2091699,-118.2094393,Vehicles Nearby: 12320,770
39.940063,-120.891328,Vehicles Nearby: 27,2
34.1068035,-118.4151417,Vehicles Nearby: 41613,2601
38.1860098,-122.2601691,Vehicles Nearby: 2146,135
38.4423572,-122.6745352,Vehicles Nearby: 583,37
33.57093000000009,-117.77304199999995,Vehicles Nearby: 14536,909
36.65206499999999,-119.906591,Vehicles Nearby: 132,9
38.3938372,-120.6535458,Vehicles Nearby: 41,3
33.02090799999997,-117.19034599999993,Vehicles Nearby: 21693,1356
38.628217,-123.160834,Vehicles Nearby: 34,3
40.959368,-124.05123600000002,Vehicles Nearby: 222,14
32.770197,-115.59858999999999,Vehicles Nearby: 217,14
36.8378683,-119.68617,Vehicles Nearby: 3196,200
38.80826400000001,-122.539952,Vehicles Nearby: 166,11
39.11183299999999,-120.877969,Vehicles Nearby: 107,7
35.3855515,-119.1119803,Vehicles Nearby: 1010,64
37.171267,-122.149524,Vehicles Nearby: 247,16
34.441370000000006,-119.514092,Vehicles Nearby: 397,25
33.34343799999999,-117.31724999999999,Vehicles Nearby: 501,32
33.6344767,-117.9184402,Vehicles Nearby: 16708,1045
34.866894,-118.339832,Vehicles Nearby: 184,12
33.399248,-118.435601,Vehicles Nearby: 31,2
33.88257899999997,-117.44230299999995,Vehicles Nearby: 3829,240
33.8556925,-118.1667143,Vehicles Nearby: 9946,622
37.613574,-122.4863381,Vehicles Nearby: 17166,1073
36.245404,-118.693313,Vehicles Nearby: 36,3
37.87168,-121.59706599999998,Vehicles Nearby: 3090,194
37.830267000000006,-121.20102,Vehicles Nearby: 528,33
34.1390039,-117.706921,Vehicles Nearby: 6898,432
34.11160499999998,-117.377406,Vehicles Nearby: 1374,86
37.508765,-119.982496,Vehicles Nearby: 75,5
39.215586000000016,-121.20324,Vehicles Nearby: 167,11
37.160846000000014,-121.98396600000002,Vehicles Nearby: 4874,305
37.60590499999998,-122.12687300000003,Vehicles Nearby: 8864,554
34.2007767,-118.4143209,Vehicles Nearby: 21477,1343
36.82574499999999,-121.518587,Vehicles Nearby: 148,10
38.511992,-121.096261,Vehicles Nearby: 220,14
33.76858400000002,-116.42998799999992,Vehicles Nearby: 2700,169
35.303925,-120.256566,Vehicles Nearby: 38,3
37.9737519,-120.3620445,Vehicles Nearby: 221,14
35.401934,-120.799362,Vehicles Nearby: 217,14
39.1418718,-120.1543864,Vehicles Nearby: 126,8
37.04343399999999,-120.033693,Vehicles Nearby: 126,8
38.990030000000026,-121.114408,Vehicles Nearby: 1013,64
37.667405,-120.629404,Vehicles Nearby: 72,5
33.492391,-116.837955,Vehicles Nearby: 42,3
34.65353300000001,-120.007153,Vehicles Nearby: 166,11
37.37109099999999,-121.80075200000003,Vehicles Nearby: 12231,765
34.36811,-118.48903799999998,Vehicles Nearby: 6133,384
37.8995587,-121.8733991,Vehicles Nearby: 3038,190
33.8040036,-118.350904,Vehicles Nearby: 19391,1212
38.0161184,-122.6618664,Vehicles Nearby: 652,41
34.177082999999996,-117.25476299999998,Vehicles Nearby: 1634,103
32.72191899999999,-116.78820399999998,Vehicles Nearby: 299,19
33.9559109,-117.3321018,Vehicles Nearby: 4676,293
36.624539,-119.671874,Vehicles Nearby: 266,17
37.88909799999999,-122.03755300000002,Vehicles Nearby: 12094,756
38.82305800000002,-123.063891,Vehicles Nearby: 201,13
38.528079000000034,-122.82134900000003,Vehicles Nearby: 2192,137
37.84064500000006,-122.114877,Vehicles Nearby: 12007,751
39.884654,-121.586789,Vehicles Nearby: 19,2
33.8739847,-117.8709131,Vehicles Nearby: 17620,1102
38.060475000000054,-122.50849599999997,Vehicles Nearby: 4635,290
34.757047,-117.350142,Vehicles Nearby: 71,5
35.889811,-120.06859,Vehicles Nearby: 12,1
37.554268999999984,-120.95152299999998,Vehicles Nearby: 706,45
34.26587899999999,-118.45674799999999,Vehicles Nearby: 10744,672
34.19568500000002,-118.49075199999997,Vehicles Nearby: 20184,1262
34.05940999999997,-117.67401100000005,Vehicles Nearby: 11811,739
40.336387,-122.448511,Vehicles Nearby: 93,6
39.48718500000001,-123.74196299999998,Vehicles Nearby: 124,8
34.404104,-118.897776,Vehicles Nearby: 273,18
38.189115,-120.638708,Vehicles Nearby: 19,2
33.4617564,-117.6963287,Vehicles Nearby: 5510,345
34.1927085,-118.5715064,Vehicles Nearby: 22685,1418
34.139459999999985,-118.16664900000004,Vehicles Nearby: 24247,1516
37.988451000000026,-122.01300100000003,Vehicles Nearby: 5436,340
33.08239999999998,-117.12764100000004,Vehicles Nearby: 10126,633
37.671103000000016,-121.40655900000002,Vehicles Nearby: 1341,84
32.7220617,-117.1289514,Vehicles Nearby: 12601,788
35.886767,-120.608661,Vehicles Nearby: 38,3
33.2079607,-117.2819851,Vehicles Nearby: 6754,423
36.72725,-120.123426,Vehicles Nearby: 89,6
37.3366639,-119.4198873,Vehicles Nearby: 6,1
38.39330000000001,-122.74504800000003,Vehicles Nearby: 2024,127
34.1849261,-118.77057,Vehicles Nearby: 7720,483
38.4978142,-122.8996465,Vehicles Nearby: 167,11
36.248797,-121.386631,Vehicles Nearby: 71,5
37.7377092,-122.239576,Vehicles Nearby: 9528,596
33.8483863,-118.263479,Vehicles Nearby: 9925,621
32.908915000000015,-116.89197500000003,Vehicles Nearby: 1234,78
37.6884059,-121.0108125,Vehicles Nearby: 2469,155
35.538809,-120.739893,Vehicles Nearby: 822,52
38.92213100000001,-122.789559,Vehicles Nearby: 73,5
34.003266000000025,-117.44200400000003,Vehicles Nearby: 3783,237
37.39228700000001,-120.498299,Vehicles Nearby: 559,35
34.391144999999995,-117.405722,Vehicles Nearby: 891,56
34.0231421,-118.0369225,Vehicles Nearby: 10989,687
33.952902000000044,-117.63932499999999,Vehicles Nearby: 6673,418
34.957206,-117.827391,Vehicles Nearby: 36,3
34.2708514,-119.170721,Vehicles Nearby: 3000,188
34.2344938,-118.5014299,Vehicles Nearby: 19193,1200
34.40778,-119.306554,Vehicles Nearby: 113,8
38.46882899999998,-122.58072399999996,Vehicles Nearby: 929,59
37.9668564,-121.2747664,Vehicles Nearby: 1636,103
36.61441000000001,-121.78690099999999,Vehicles Nearby: 1835,115
33.808450000000036,-117.79173700000003,Vehicles Nearby: 21635,1353
34.556110999999994,-117.35363199999999,Vehicles Nearby: 672,42
35.162393,-119.425116,Vehicles Nearby: 29,2
36.301334,-119.372586,Vehicles Nearby: 348,22
36.7708458,-119.8350155,Vehicles Nearby: 2614,164
37.043285999999995,-119.691306,Vehicles Nearby: 97,7
37.3606024,-120.7403361,Vehicles Nearby: 205,13
33.95154000000001,-116.52010399999999,Vehicles Nearby: 263,17
38.325247999999995,-120.955787,Vehicles Nearby: 63,4
32.6302101,-116.9385545,Vehicles Nearby: 6303,394
34.168333,-116.288431,Vehicles Nearby: 75,5
33.9677273,-117.2658869,Vehicles Nearby: 3372,211
33.93433500000002,-117.36731899999998,Vehicles Nearby: 4187,262
33.9342491,-118.2137411,Vehicles Nearby: 8028,502
37.7249429,-122.3939216,Vehicles Nearby: 31608,1976
40.168801,-123.826148,Vehicles Nearby: 8,1
36.724723,-119.192779,Vehicles Nearby: 23,2
34.141146000000035,-117.65558299999996,Vehicles Nearby: 9475,593
32.7987241,-117.2469667,Vehicles Nearby: 13361,836
35.484966,-120.944417,Vehicles Nearby: 88,6
37.85041099999992,-122.02112399999993,Vehicles Nearby: 8021,502
41.756147,-122.659466,Vehicles Nearby: 29,2
37.231044999999995,-120.501072,Vehicles Nearby: 114,8
37.474396,-120.87591699999999,Vehicles Nearby: 935,59
39.31403,-123.249924,Vehicles Nearby: 53,4
37.3303684,-121.88439,Vehicles Nearby: 24106,1507
37.32595499999999,-121.193383,Vehicles Nearby: 98,7
37.166199,-121.024432,Vehicles Nearby: 58,4
38.04686299999998,-121.35280200000001,Vehicles Nearby: 1404,88
38.52716399999999,-123.007892,Vehicles Nearby: 136,9
33.828396,-117.20766000000003,Vehicles Nearby: 1509,95
33.48281099999999,-117.226126,Vehicles Nearby: 188,12
36.823834,-118.281246,Vehicles Nearby: 8,1
32.777241,-115.127641,Vehicles Nearby: 15,1
33.768539,-116.753396,Vehicles Nearby: 44,3
33.936193,-117.49388099999999,Vehicles Nearby: 5207,326
33.64816900000001,-116.89530800000001,Vehicles Nearby: 531,34
36.588003,-121.398912,Vehicles Nearby: 53,4
36.469275,-118.800919,Vehicles Nearby: 23,2
37.90723,-120.688307,Vehicles Nearby: 78,5
37.3439781,-121.958945,Vehicles Nearby: 35917,2245
40.527834000000006,-122.31874900000001,Vehicles Nearby: 320,20
37.9043493,-122.2677241,Vehicles Nearby: 13595,850
45.551031,-122.809275,Vehicles Nearby: 8,1
37.020043,-120.625404,Vehicles Nearby: 35,3
34.95934,-120.490081,Vehicles Nearby: 706,45
34.224196000000006,-118.632394,Vehicles Nearby: 11777,737
38.88623799999999,-120.979699,Vehicles Nearby: 80,5
34.10802300000004,-118.456964,Vehicles Nearby: 34415,2151
36.521012,-119.389446,Vehicles Nearby: 102,7
38.4724152,-121.44876,Vehicles Nearby: 5364,336
34.450906,-118.227614,Vehicles Nearby: 147,10
36.87475499999999,-121.630732,Vehicles Nearby: 101,7
38.764070000000025,-121.287523,Vehicles Nearby: 8236,515
40.551757,-120.675673,Vehicles Nearby: 17,2
34.04151,-118.1918603,Vehicles Nearby: 18018,1127
38.6798103,-121.270794,Vehicles Nearby: 5241,328
37.612612000000006,-121.108568,Vehicles Nearby: 150,10
35.5030678,-119.2774005,Vehicles Nearby: 178,12
40.603066000000005,-122.186657,Vehicles Nearby: 51,4
40.103236,-122.074735,Vehicles Nearby: 16,1
39.73630800000001,-122.259338,Vehicles Nearby: 51,4
37.86425800000001,-120.004543,Vehicles Nearby: 73,5
34.12977200000006,-118.33098900000003,Vehicles Nearby: 37183,2324
34.15021200000001,-119.127729,Vehicles Nearby: 1232,77
37.04225400000001,-121.93005099999999,Vehicles Nearby: 2574,161
39.232027,-120.096413,Vehicles Nearby: 72,5
38.4000578,-122.3604533,Vehicles Nearby: 114,8
32.9494207,-117.2466505,Vehicles Nearby: 10498,657
38.97664,-123.604802,Vehicles Nearby: 39,3
34.160359000000014,-118.21376899999998,Vehicles Nearby: 25277,1580
39.009800999999996,-121.034707,Vehicles Nearby: 525,33
34.842425,-119.203723,Vehicles Nearby: 43,3
36.76886,-119.762393,Vehicles Nearby: 2287,143
34.230854000000015,-118.36585600000001,Vehicles Nearby: 14834,928
37.85290399999998,-122.54720700000004,Vehicles Nearby: 5520,345
38.592309,-120.584657,Vehicles Nearby: 35,3
34.153159,-117.968818,Vehicles Nearby: 7712,482
35.112617,-118.832292,Vehicles Nearby: 48,3
34.0705005,-117.934355,Vehicles Nearby: 10408,651
37.028835,-119.316654,Vehicles Nearby: 29,2
36.905389000000014,-119.748632,Vehicles Nearby: 1935,121
39.716846,-121.64618,Vehicles Nearby: 67,5
32.8035475,-117.0359028,Vehicles Nearby: 10456,654
34.1021355,-118.0749348,Vehicles Nearby: 20487,1281
34.61043599999999,-120.219523,Vehicles Nearby: 441,28
32.8390419,-117.0986005,Vehicles Nearby: 15329,959
32.63786800000003,-117.05803100000004,Vehicles Nearby: 7138,447
33.729853000000006,-117.03405999999998,Vehicles Nearby: 1881,118
38.434483,-120.761659,Vehicles Nearby: 81,6
34.689848,-118.533689,Vehicles Nearby: 42,3
33.527867,-116.64762,Vehicles Nearby: 20,2
32.66576199999998,-117.01865700000002,Vehicles Nearby: 9931,621
33.8983315,-117.9111323,Vehicles Nearby: 17951,1122
37.9588379,-122.611688,Vehicles Nearby: 5667,355
37.553376,-120.714055,Vehicles Nearby: 78,5
32.806763,-117.149407,Vehicles Nearby: 14948,935
37.959549000000024,-122.28357800000005,Vehicles Nearby: 8850,554
39.806096,-123.516147,Vehicles Nearby: 8,1
34.1033676,-118.2360136,Vehicles Nearby: 24453,1529
33.692217000000014,-116.34124799999998,Vehicles Nearby: 2763,173
40.92143,-123.815266,Vehicles Nearby: 25,2
39.639597,-120.247144,Vehicles Nearby: 7,1
33.795196,-116.93285599999999,Vehicles Nearby: 408,26
37.274612,-122.23242,Vehicles Nearby: 87,6
34.1643407,-118.2813278,Vehicles Nearby: 22628,1415
34.737964,-120.543739,Vehicles Nearby: 58,4
39.04030500000001,-121.560484,Vehicles Nearby: 617,39
37.82559800000001,-121.005157,Vehicles Nearby: 99,7
32.573755000000006,-117.12087199999999,Vehicles Nearby: 2426,152
34.1499864,-118.00202,Vehicles Nearby: 11893,744
38.512787,-121.493618,Vehicles Nearby: 6084,381
35.486805,-120.485271,Vehicles Nearby: 26,2
39.046931,-121.403091,Vehicles Nearby: 59,4
34.442625,-117.541815,Vehicles Nearby: 140,9
39.105127,-122.283003,Vehicles Nearby: 17,2
37.09930800000001,-121.59923999999998,Vehicles Nearby: 3061,192
45.61442,-122.238447,Vehicles Nearby: 6,1
37.94942100000001,-121.157283,Vehicles Nearby: 124,8
34.2034285,-118.2986959,Vehicles Nearby: 18889,1181
40.73832200000001,-124.10761900000001,Vehicles Nearby: 379,24
33.6170068,-117.6494139,Vehicles Nearby: 29563,1848
41.456579000000005,-122.469367,Vehicles Nearby: 29,2
32.7142466,-117.0072678,Vehicles Nearby: 7581,474
37.9377015,-122.0256327,Vehicles Nearby: 7551,472
37.0890844,-122.0892896,Vehicles Nearby: 2627,165
34.4359096,-119.803846,Vehicles Nearby: 2833,178
37.861625,-120.480322,Vehicles Nearby: 33,3
47.605797,-122.099118,Vehicles Nearby: 20,2
33.285274000000015,-117.197777,Vehicles Nearby: 1089,69
38.11276,-120.225746,Vehicles Nearby: 38,3
34.899991,-116.654532,Vehicles Nearby: 9,1
33.9706149,-118.1656423,Vehicles Nearby: 8659,542
34.11936700000001,-117.85505400000002,Vehicles Nearby: 5779,362
33.76390499999997,-117.93138200000001,Vehicles Nearby: 22866,1430
38.6798655,-121.229027,Vehicles Nearby: 7472,467
34.16877099999999,-118.050216,Vehicles Nearby: 13560,848
35.1221903,-120.6057461,Vehicles Nearby: 596,38
34.510646,-116.896718,Vehicles Nearby: 14,1
34.107753,-118.61621900000002,Vehicles Nearby: 12093,756
37.55429800000001,-122.496632,Vehicles Nearby: 1686,106
37.9883736,-122.590597,Vehicles Nearby: 6282,393
40.525724,-123.193917,Vehicles Nearby: 7,1
38.734513,-122.025346,Vehicles Nearby: 23,2
38.722374,-120.978633,Vehicles Nearby: 104,7
37.7753584,-122.145787,Vehicles Nearby: 12968,811
34.1683201,-118.1335686,Vehicles Nearby: 18841,1178
37.95284400000002,-122.38197400000001,Vehicles Nearby: 3647,228
38.88118300000001,-121.169014,Vehicles Nearby: 717,45
34.0317908,-117.9130066,Vehicles Nearby: 16062,1004
34.180563,-118.3948091,Vehicles Nearby: 25549,1597
36.042151,-119.5277,Vehicles Nearby: 21,2
32.68755199999999,-115.54102800000001,Vehicles Nearby: 189,12
34.0097166,-118.1130682,Vehicles Nearby: 13295,831
37.131989,-118.15588,Vehicles Nearby: 8,1
34.1635125,-118.256736,Vehicles Nearby: 22591,1412
33.923380999999985,-117.24483699999999,Vehicles Nearby: 2584,162
38.02973,-121.02389,Vehicles Nearby: 39,3
33.6256063,-117.9264928,Vehicles Nearby: 14455,904
38.140366,-121.589783,Vehicles Nearby: 63,4
37.3230314,-121.827985,Vehicles Nearby: 23924,1496
33.6987822,-117.2438885,Vehicles Nearby: 4101,257
37.666587,-120.411517,Vehicles Nearby: 17,2
37.041848,-121.9853286,Vehicles Nearby: 2770,174
37.4495974,-122.1881017,Vehicles Nearby: 18196,1138
37.7346227,-122.4337115,Vehicles Nearby: 31655,1979
34.7727,-118.791975,Vehicles Nearby: 18,2
36.620634,-119.520731,Vehicles Nearby: 57,4
39.266469,-121.978604,Vehicles Nearby: 20,2
35.389749,-118.985186,Vehicles Nearby: 281,18
33.323221,-116.66593,Vehicles Nearby: 14,1
36.526597,-119.864103,Vehicles Nearby: 27,2
37.7233601,-122.3962416,Vehicles Nearby: 39957,2498
32.755239,-117.094062,Vehicles Nearby: 16378,1024
33.7263885,-117.9051156,Vehicles Nearby: 21263,1329
40.523099,-124.326421,Vehicles Nearby: 19,2
39.161278,-122.745312,Vehicles Nearby: 13,1
36.206269,-119.071075,Vehicles Nearby: 64,4
34.912622,-120.619088,Vehicles Nearby: 53,4
36.092975,-121.549826,Vehicles Nearby: 13,1
34.077059,-116.606626,Vehicles Nearby: 33,3
34.17848300000002,-118.431791,Vehicles Nearby: 26634,1665
34.481108,-117.982006,Vehicles Nearby: 60,4
38.5485859,-121.3948422,Vehicles Nearby: 5675,355
38.371537999999994,-122.48730700000002,Vehicles Nearby: 205,13
34.59448,-117.813666,Vehicles Nearby: 38,3
38.75013200000001,-120.675412,Vehicles Nearby: 61,4
34.297698999999994,-119.014558,Vehicles Nearby: 119,8
34.0827269,-117.8517056,Vehicles Nearby: 10516,658
36.779046,-121.142439,Vehicles Nearby: 13,1
36.536573000000004,-119.638651,Vehicles Nearby: 122,8
33.752476,-117.612554,Vehicles Nearby: 2920,183
37.807214999999985,-122.30149699999997,Vehicles Nearby: 13074,818
34.08597199999998,-117.46459699999997,Vehicles Nearby: 4972,311
34.205287,-117.117403,Vehicles Nearby: 70,5
32.735124,-116.415161,Vehicles Nearby: 43,3
38.840217,-120.829757,Vehicles Nearby: 29,2
33.9888385,-118.293159,Vehicles Nearby: 26809,1676
34.4216866,-119.6778499,Vehicles Nearby: 3189,200
36.627211,-119.731888,Vehicles Nearby: 250,16
37.733742,-120.9354079,Vehicles Nearby: 1421,89
34.770605,-119.985205,Vehicles Nearby: 40,3
40.666691,-123.908396,Vehicles Nearby: 14,1
39.301229,-121.337929,Vehicles Nearby: 31,2
38.320860999999994,-122.64613799999998,Vehicles Nearby: 1120,70
36.7675325,-121.7602167,Vehicles Nearby: 74,5
40.9332,-122.382788,Vehicles Nearby: 12,1
38.731694000000005,-122.906767,Vehicles Nearby: 59,4
32.7013147,-117.1974009,Vehicles Nearby: 7489,469
38.072109,-120.631346,Vehicles Nearby: 42,3
34.15258300000001,-117.57770699999996,Vehicles Nearby: 7481,468
39.319332,-120.399379,Vehicles Nearby: 22,2
38.603601999999995,-120.85703,Vehicles Nearby: 69,5
32.7342001,-116.940956,Vehicles Nearby: 4896,306
32.648992,-116.152565,Vehicles Nearby: 9,1
35.221906,-118.582566,Vehicles Nearby: 23,2
36.525703,-120.952122,Vehicles Nearby: 6,1
36.047414,-119.344304,Vehicles Nearby: 10,1
37.8347336,-122.248783,Vehicles Nearby: 20357,1273
34.2371417,-116.840455,Vehicles Nearby: 120,8
34.06351599999999,-117.790379,Vehicles Nearby: 10315,645
40.67656399999999,-122.380909,Vehicles Nearby: 46,3
39.186791,-123.558382,Vehicles Nearby: 11,1
38.42193399999999,-123.06391099999999,Vehicles Nearby: 189,12
37.36553,-120.160164,Vehicles Nearby: 9,1
32.741212,-117.22919,Vehicles Nearby: 8731,546
33.70898199999999,-117.19885300000001,Vehicles Nearby: 3105,195
33.783063999999996,-118.02626799999999,Vehicles Nearby: 16544,1034
47.791111,-122.30779,Vehicles Nearby: 10,1
38.678544999999986,-121.37996899999999,Vehicles Nearby: 3645,228
34.0550794,-118.3865588,Vehicles Nearby: 39015,2439
39.604713000000004,-121.795288,Vehicles Nearby: 48,3
36.191268,-120.090097,Vehicles Nearby: 7,1
34.083016,-117.073317,Vehicles Nearby: 838,53
35.952426,-119.072843,Vehicles Nearby: 14,1
37.626489,-119.68128,Vehicles Nearby: 7,1
38.1378861,-120.457094,Vehicles Nearby: 65,5
34.0250901,-118.3077277,Vehicles Nearby: 35605,2226
33.81981400000001,-118.22241599999998,Vehicles Nearby: 8636,540
34.05930599999999,-117.39076800000001,Vehicles Nearby: 2873,180
36.672683,-120.446521,Vehicles Nearby: 10,1
40.01945,-121.566635,Vehicles Nearby: 24,2
33.842584,-116.2929,Vehicles Nearby: 940,59
37.6793441,-122.154365,Vehicles Nearby: 8946,560
38.73314500000001,-121.468174,Vehicles Nearby: 1715,108
38.834145,-122.236936,Vehicles Nearby: 12,1
33.928179,-117.80928499999999,Vehicles Nearby: 17573,1099
34.1356634,-118.216452,Vehicles Nearby: 27824,1739
37.224696,-119.470738,Vehicles Nearby: 23,2
37.939765,-120.188046,Vehicles Nearby: 20,2
47.638679,-122.370946,Vehicles Nearby: 52,4
37.6540073,-120.9583183,Vehicles Nearby: 1874,118
37.4106579,-122.1604958,Vehicles Nearby: 18402,1151
35.617546,-118.452285,Vehicles Nearby: 27,2
33.0222651,-117.2822594,Vehicles Nearby: 11417,714
33.61967200000005,-117.612087,Vehicles Nearby: 15548,972
39.409686,-121.756653,Vehicles Nearby: 61,4
35.652911,-120.266428,Vehicles Nearby: 7,1
33.637201,-116.627212,Vehicles Nearby: 31,2
38.313448,-121.123886,Vehicles Nearby: 32,2
34.243482,-117.281304,Vehicles Nearby: 510,32
39.053461,-120.795632,Vehicles Nearby: 49,4
38.743384,-119.867624,Vehicles Nearby: 13,1
40.39796,-121.298528,Vehicles Nearby: 6,1
32.887989,-116.621354,Vehicles Nearby: 32,2
38.18735000000001,-122.224074,Vehicles Nearby: 2783,174
32.608865,-116.71966,Vehicles Nearby: 15,1
40.619998,-122.643642,Vehicles Nearby: 7,1
38.884891,-121.778654,Vehicles Nearby: 9,1
40.685336,-122.016069,Vehicles Nearby: 8,1
38.045857,-122.861209,Vehicles Nearby: 54,4
38.74303900000001,-123.476418,Vehicles Nearby: 117,8
34.1692,-118.37249799999998,Vehicles Nearby: 27604,1726
38.200231,-121.235034,Vehicles Nearby: 479,30
37.67253600000001,-120.887136,Vehicles Nearby: 1314,83
33.758663,-117.109484,Vehicles Nearby: 1157,73
39.722512,-122.004433,Vehicles Nearby: 10,1
33.887088,-118.159741,Vehicles Nearby: 9631,602
37.394536,-120.890747,Vehicles Nearby: 357,23
33.298504,-116.924783,Vehicles Nearby: 58,4
33.376467,-117.066121,Vehicles Nearby: 24,2
35.592099,-118.297698,Vehicles Nearby: 8,1
39.390917,-123.052841,Vehicles Nearby: 9,1
37.248335,-119.944935,Vehicles Nearby: 11,1
39.015251,-123.370756,Vehicles Nearby: 16,1
38.17355599999999,-121.312247,Vehicles Nearby: 619,39
33.9185466,-118.013281,Vehicles Nearby: 17999,1125
34.712216,-120.230146,Vehicles Nearby: 31,2
33.822329999999994,-116.364238,Vehicles Nearby: 2085,131
40.7290518,-122.8069563,Vehicles Nearby: 10,1
37.0852192,-122.0536731,Vehicles Nearby: 2998,188
35.178504,-120.731961,Vehicles Nearby: 428,27
37.9043493,-122.2677241,Vehicles Nearby: 11538,722
38.25242,-122.962717,Vehicles Nearby: 34,3
33.9992225,-118.358,Vehicles Nearby: 43182,2699
37.393503,-121.620009,Vehicles Nearby: 18,2
38.501363,-123.170879,Vehicles Nearby: 18,2
37.58891800000001,-120.855236,Vehicles Nearby: 836,53
33.845619,-118.038726,Vehicles Nearby: 21906,1370
33.543835,-115.993906,Vehicles Nearby: 23,2
37.943087,-122.72379,Vehicles Nearby: 172,11
39.199469,-123.702253,Vehicles Nearby: 47,3
38.997166,-120.129625,Vehicles Nearby: 20,2
38.706906,-122.393997,Vehicles Nearby: 10,1
33.94730500000002,-118.43984100000002,Vehicles Nearby: 33466,2092
35.665082,-119.197958,Vehicles Nearby: 27,2
36.46271,-119.093242,Vehicles Nearby: 19,2
39.825228,-120.477053,Vehicles Nearby: 17,2
39.128363,-122.849302,Vehicles Nearby: 16,1
34.07819500000002,-118.18550099999999,Vehicles Nearby: 24231,1515
38.4607321,-121.5056589,Vehicles Nearby: 4073,255
40.496975,-123.930822,Vehicles Nearby: 9,1
36.644737,-119.289181,Vehicles Nearby: 22,2
38.54922799999999,-121.278598,Vehicles Nearby: 4551,285
38.695997,-121.3640845,Vehicles Nearby: 3729,234
40.85569399999998,-124.06689799999998,Vehicles Nearby: 257,17
33.82639300000002,-117.851307,Vehicles Nearby: 20862,1304
40.546631,-122.880891,Vehicles Nearby: 8,1
38.0227801,-121.293185,Vehicles Nearby: 2275,143
37.41467,-120.586787,Vehicles Nearby: 35,3
35.044396,-120.620199,Vehicles Nearby: 232,15
41.754853,-122.365534,Vehicles Nearby: 6,1
34.4002857,-119.7216572,Vehicles Nearby: 2918,183
39.339264,-121.770785,Vehicles Nearby: 137,9
35.746484,-121.223355,Vehicles Nearby: 6,1
37.688826,-122.408935,Vehicles Nearby: 31431,1965
33.6266048,-117.8485703,Vehicles Nearby: 19181,1199
38.762986,-120.087069,Vehicles Nearby: 7,1
33.81763000000001,-117.81004599999999,Vehicles Nearby: 24371,1524
38.210353,-121.051256,Vehicles Nearby: 12,1
38.384706,-121.578722,Vehicles Nearby: 25,2
34.0317653,-118.290833,Vehicles Nearby: 25586,1600
37.6100056,-120.9940854,Vehicles Nearby: 1767,111
36.6768911,-121.6123431,Vehicles Nearby: 1383,87
40.472423,-124.12184,Vehicles Nearby: 14,1
39.2001213,-120.239023,Vehicles Nearby: 116,8
40.914926,-123.668723,Vehicles Nearby: 9,1
34.407332,-117.911841,Vehicles Nearby: 25,2
35.848621,-120.938911,Vehicles Nearby: 10,1
39.081822,-123.504872,Vehicles Nearby: 17,2
33.14709,-116.717453,Vehicles Nearby: 11,1
37.242232,-120.240442,Vehicles Nearby: 7,1
41.870812,-123.86277,Vehicles Nearby: 6,1
34.447894,-117.623946,Vehicles Nearby: 216,14
39.403217,-121.034486,Vehicles Nearby: 8,1
37.845600999999995,-121.950612,Vehicles Nearby: 8109,507
45.409354,-122.683468,Vehicles Nearby: 10,1
37.374707,-122.18169800000001,Vehicles Nearby: 13433,840
41.006417,-121.480741,Vehicles Nearby: 8,1
38.458864,-122.428831,Vehicles Nearby: 441,28
36.60076,-119.175485,Vehicles Nearby: 13,1
38.02893900000001,-121.640521,Vehicles Nearby: 1102,69
36.63634400000001,-121.623978,Vehicles Nearby: 1383,87
33.97278200000001,-118.02206600000001,Vehicles Nearby: 11216,701
34.0709154,-117.2682769,Vehicles Nearby: 1737,109
38.0557373,-122.2378442,Vehicles Nearby: 3654,229
38.516474,-120.688517,Vehicles Nearby: 30,2
37.74827199999999,-122.216825,Vehicles Nearby: 14468,905
33.60198400000001,-117.91300099999998,Vehicles Nearby: 13326,833
38.6827463,-121.4552798,Vehicles Nearby: 3668,230
40.654093,-121.822848,Vehicles Nearby: 7,1
34.0226595,-118.2516039,Vehicles Nearby: 15793,988
33.983697,-116.691398,Vehicles Nearby: 14,1
35.339702,-119.023451,Vehicles Nearby: 608,38
34.473884,-118.797181,Vehicles Nearby: 20,2
36.5458801,-121.9275261,Vehicles Nearby: 1654,104
37.991289,-120.262791,Vehicles Nearby: 221,14
37.57459,-121.853708,Vehicles Nearby: 9280,580
36.9809058,-122.051951,Vehicles Nearby: 3727,233
38.80129,-121.037936,Vehicles Nearby: 21,2
40.045637,-122.184859,Vehicles Nearby: 12,1
39.060921,-121.827155,Vehicles Nearby: 7,1
34.2189597,-118.230913,Vehicles Nearby: 13070,817
38.3279016,-122.6983501,Vehicles Nearby: 1629,102
40.055796,-123.969269,Vehicles Nearby: 7,1
33.810743,-117.105415,Vehicles Nearby: 960,60
37.431392,-121.051294,Vehicles Nearby: 9,1
33.8894781,-117.2746709,Vehicles Nearby: 2584,162
34.14461800000001,-117.301301,Vehicles Nearby: 1346,85
38.199576,-121.618273,Vehicles Nearby: 53,4
38.28222099999999,-121.924715,Vehicles Nearby: 2800,175
33.9598714,-118.2544907,Vehicles Nearby: 9881,618
37.393471,-119.741037,Vehicles Nearby: 15,1
34.0214108,-118.5062859,Vehicles Nearby: 25176,1574
38.936904,-120.772283,Vehicles Nearby: 13,1
38.299257,-120.626707,Vehicles Nearby: 16,1
47.493732,-121.998724,Vehicles Nearby: 7,1
38.082829000000004,-122.671527,Vehicles Nearby: 1027,65
39.805588,-120.665978,Vehicles Nearby: 6,1
39.064446,-122.626701,Vehicles Nearby: 14,1
38.84223,-121.572164,Vehicles Nearby: 9,1
37.129364,-119.219563,Vehicles Nearby: 9,1
39.432882,-121.261143,Vehicles Nearby: 21,2
38.81782,-120.929272,Vehicles Nearby: 74,5
39.2481991,-120.0140101,Vehicles Nearby: 72,5
38.8335824,-122.7180443,Vehicles Nearby: 17,2
33.0017251,-117.2358039,Vehicles Nearby: 15909,995
38.885244,-121.999039,Vehicles Nearby: 6,1
36.999336,-119.518794,Vehicles Nearby: 12,1
37.114335,-122.237162,Vehicles Nearby: 15,1
36.52587,-121.396735,Vehicles Nearby: 53,4
38.672591,-121.3583445,Vehicles Nearby: 5566,348
40.674987,-124.231146,Vehicles Nearby: 11,1
41.209942,-122.307935,Vehicles Nearby: 8,1
34.340222,-116.540435,Vehicles Nearby: 11,1
39.172726,-121.805819,Vehicles Nearby: 14,1
33.7906764,-118.3302815,Vehicles Nearby: 16379,1024
39.176595,-121.291692,Vehicles Nearby: 12,1
36.585446,-120.173897,Vehicles Nearby: 6,1
38.0218688,-122.261428,Vehicles Nearby: 3112,195
32.626231,-116.61002,Vehicles Nearby: 11,1
40.704869,-122.120038,Vehicles Nearby: 10,1
34.003638,-118.308806,Vehicles Nearby: 30252,1891
38.029069,-122.726523,Vehicles Nearby: 281,18
37.331113,-120.294817,Vehicles Nearby: 11,1
33.9577257,-118.3096485,Vehicles Nearby: 20079,1255
38.882973,-122.53272,Vehicles Nearby: 133,9
34.1644476,-118.256508,Vehicles Nearby: 20797,1300
39.435211,-121.551925,Vehicles Nearby: 6,1
39.108252,-123.645121,Vehicles Nearby: 10,1
36.450225,-119.934478,Vehicles Nearby: 9,1
38.478832,-120.611993,Vehicles Nearby: 57,4
38.576617999999996,-122.444388,Vehicles Nearby: 387,25
34.1403905,-117.9465874,Vehicles Nearby: 7460,467
32.67807,-116.306851,Vehicles Nearby: 9,1
38.61904900000001,-121.51755200000002,Vehicles Nearby: 7143,447
38.19262,-120.95782,Vehicles Nearby: 16,1
34.0277426,-118.2001058,Vehicles Nearby: 13133,821
36.655353,-119.593861,Vehicles Nearby: 174,11
33.9598407,-118.2684904,Vehicles Nearby: 19705,1232
41.950683,-124.097094,Vehicles Nearby: 6,1
34.91588,-116.865561,Vehicles Nearby: 6,1
34.495537,-117.756645,Vehicles Nearby: 7,1
39.225478,-122.922912,Vehicles Nearby: 8,1
37.5241511,-122.5163805,Vehicles Nearby: 1686,106
38.5523286,-121.454139,Vehicles Nearby: 7485,468
34.263636,-117.69947,Vehicles Nearby: 8,1
38.344946,-122.948799,Vehicles Nearby: 99,7
38.918887,-123.605684,Vehicles Nearby: 39,3
40.580119,-122.041403,Vehicles Nearby: 7,1
33.9151817,-118.2646287,Vehicles Nearby: 10088,631
38.000494,-120.898152,Vehicles Nearby: 7,1
34.093661,-116.936222,Vehicles Nearby: 10,1
34.259272,-117.520971,Vehicles Nearby: 2113,133
38.752774,-122.557196,Vehicles Nearby: 144,9
38.985882,-120.978665,Vehicles Nearby: 173,11
37.873793,-121.290146,Vehicles Nearby: 1784,112
39.344757,-121.264517,Vehicles Nearby: 35,3
36.304539,-119.204896,Vehicles Nearby: 304,19
38.4672309,-123.0115548,Vehicles Nearby: 218,14
38.680605,-120.814261,Vehicles Nearby: 477,30
38.85581100000001,-121.182313,Vehicles Nearby: 1517,95
37.331714,-122.341466,Vehicles Nearby: 12,1
38.227003,-120.514561,Vehicles Nearby: 7,1
36.7423058,-119.7709994,Vehicles Nearby: 2216,139
33.7753644,-117.8587436,Vehicles Nearby: 22938,1434
35.960636,-119.312992,Vehicles Nearby: 6,1
39.106099,-121.36818,Vehicles Nearby: 45,3
38.17857,-122.88319,Vehicles Nearby: 108,7
45.531124,-122.683951,Vehicles Nearby: 14,1
47.557627,-122.151005,Vehicles Nearby: 29,2
37.558453,-120.90988,Vehicles Nearby: 1054,66
35.715258,-118.507027,Vehicles Nearby: 6,1
37.470288,-120.671083,Vehicles Nearby: 7,1
33.680226,-117.526144,Vehicles Nearby: 1851,116
39.361097,-123.8086451,Vehicles Nearby: 72,5
38.995557,-121.353545,Vehicles Nearby: 1640,103
39.067274,-120.177798,Vehicles Nearby: 101,7
39.226549,-120.767022,Vehicles Nearby: 7,1
38.1038505,-122.2783418,Vehicles Nearby: 3169,199
39.258198,-123.76156,Vehicles Nearby: 107,7
47.68099,-122.120531,Vehicles Nearby: 16,1
38.012697,-122.639598,Vehicles Nearby: 3032,190
47.753344,-122.201952,Vehicles Nearby: 12,1
37.316807,-120.855753,Vehicles Nearby: 56,4
45.454271,-122.879619,Vehicles Nearby: 9,1
38.662983,-121.401113,Vehicles Nearby: 4727,296
36.313344,-119.708452,Vehicles Nearby: 458,29
39.224354,-121.151625,Vehicles Nearby: 167,11
33.910412,-116.765723,Vehicles Nearby: 328,21
33.9314082,-118.3431138,Vehicles Nearby: 35150,2197
36.95594,-119.335294,Vehicles Nearby: 29,2
38.419902,-120.474458,Vehicles Nearby: 7,1
47.611046,-122.293207,Vehicles Nearby: 74,5
34.1217115,-117.3235343,Vehicles Nearby: 1346,85
33.606232,-117.889651,Vehicles Nearby: 12936,809
34.261092,-116.809496,Vehicles Nearby: 70,5
33.9258238,-118.2376001,Vehicles Nearby: 7092,444
38.157794,-121.520223,Vehicles Nearby: 27,2
37.247137,-122.273493,Vehicles Nearby: 87,6
36.503322,-119.286328,Vehicles Nearby: 6,1
37.914513,-122.64689,Vehicles Nearby: 2871,180
36.789273,-119.140345,Vehicles Nearby: 23,2
38.156411,-121.1534949,Vehicles Nearby: 359,23
34.2382347,-117.2369441,Vehicles Nearby: 519,33
33.346808,-116.853215,Vehicles Nearby: 58,4
38.433216,-122.869001,Vehicles Nearby: 1860,117
37.952451999999994,-121.329655,Vehicles Nearby: 1066,67
38.490508,-121.284171,Vehicles Nearby: 3430,215
37.438672,-122.011582,Vehicles Nearby: 23798,1488
45.550024,-122.559297,Vehicles Nearby: 7,1
34.421964,-119.593483,Vehicles Nearby: 1790,112
38.910748,-120.908621,Vehicles Nearby: 63,4
37.608303,-120.685156,Vehicles Nearby: 140,9
47.685746,-122.281589,Vehicles Nearby: 47,3
40.244215,-123.888871,Vehicles Nearby: 8,1
38.065529,-120.170699,Vehicles Nearby: 38,3
47.615192,-122.350581,Vehicles Nearby: 57,4
38.756184,-122.195438,Vehicles Nearby: 12,1
38.426699,-120.825717,Vehicles Nearby: 83,6
38.231547,-122.928226,Vehicles Nearby: 45,3
34.270601,-116.949309,Vehicles Nearby: 59,4
32.846363,-116.557729,Vehicles Nearby: 32,2
38.833555,-121.498099,Vehicles Nearby: 9,1
39.311704,-120.328125,Vehicles Nearby: 22,2
38.318624,-121.554752,Vehicles Nearby: 26,2
40.557483,-124.081215,Vehicles Nearby: 91,6
36.82815,-121.776583,Vehicles Nearby: 74,5
47.499429,-122.110157,Vehicles Nearby: 11,1
39.243304,-120.071406,Vehicles Nearby: 72,5
36.15118,-119.049222,Vehicles Nearby: 64,4
47.618337,-122.205341,Vehicles Nearby: 42,3
33.915839,-116.559873,Vehicles Nearby: 1314,83
38.689261,-120.054975,Vehicles Nearby: 7,1
39.038809,-120.97753,Vehicles Nearby: 173,11
47.841376,-122.198939,Vehicles Nearby: 9,1
39.244183,-123.563531,Vehicles Nearby: 11,1
37.833901,-122.165034,Vehicles Nearby: 15353,960
37.826372,-121.622546,Vehicles Nearby: 3227,202
34.253816,-117.150891,Vehicles Nearby: 195,13
37.203158,-119.249243,Vehicles Nearby: 9,1
45.482433,-122.598605,Vehicles Nearby: 7,1
39.449004,-121.330521,Vehicles Nearby: 108,7
35.2603549,-118.913783,Vehicles Nearby: 189,12
45.46019,-122.804198,Vehicles Nearby: 10,1
34.254361,-117.326453,Vehicles Nearby: 865,55
47.675982,-122.193578,Vehicles Nearby: 38,3
37.583767,-119.976728,Vehicles Nearby: 75,5
33.7215827,-118.0750655,Vehicles Nearby: 10566,661
47.586092,-122.037436,Vehicles Nearby: 7,1
34.236643,-117.062838,Vehicles Nearby: 61,4
47.567779,-122.232795,Vehicles Nearby: 42,3
34.21474,-117.192326,Vehicles Nearby: 1324,83
38.012599,-122.687478,Vehicles Nearby: 281,18
32.9299275,-117.0010835,Vehicles Nearby: 6202,388
47.687761,-122.38487,Vehicles Nearby: 37,3
38.078402,-120.443443,Vehicles Nearby: 83,6
47.839223,-122.285464,Vehicles Nearby: 9,1
37.974295,-121.651441,Vehicles Nearby: 3654,229
38.193762,-120.875928,Vehicles Nearby: 123,8
37.052216,-122.0736959,Vehicles Nearby: 2998,188
32.5779888,-116.6284338,Vehicles Nearby: 11,1
47.47202,-122.2219,Vehicles Nearby: 7,1
38.287346,-122.968556,Vehicles Nearby: 126,8
45.369302,-122.762307,Vehicles Nearby: 6,1
45.517009,-122.859817,Vehicles Nearby: 12,1
40.79088,-124.204748,Vehicles Nearby: 183,12
39.379346,-121.19231,Vehicles Nearby: 16,1
47.631863,-122.344267,Vehicles Nearby: 62,4
47.210957,-122.481577,Vehicles Nearby: 7,1
38.38903,-121.500428,Vehicles Nearby: 4234,265
47.545269,-121.939288,Vehicles Nearby: 7,1
38.024885,-122.759933,Vehicles Nearby: 107,7
45.454231,-122.698526,Vehicles Nearby: 14,1
36.624716,-121.646487,Vehicles Nearby: 937,59
45.601815,-122.700798,Vehicles Nearby: 11,1
34.2382347,-117.2369441,Vehicles Nearby: 519,33
45.413498,-122.725171,Vehicles Nearby: 9,1
47.742239,-122.376608,Vehicles Nearby: 9,1
47.557085,-122.007748,Vehicles Nearby: 9,1
47.715769,-122.213748,Vehicles Nearby: 18,2
38.379703,-120.448,Vehicles Nearby: 10,1
32.817225,-115.700076,Vehicles Nearby: 167,11
41.544675,-122.934665,Vehicles Nearby: 10,1
47.585627,-122.29196,Vehicles Nearby: 52,4
35.403611,-118.756525,Vehicles Nearby: 453,29
45.581132,-122.637305,Vehicles Nearby: 11,1
40.726752,-124.217378,Vehicles Nearby: 14,1
47.651371,-122.407349,Vehicles Nearby: 38,3
38.732368,-121.810263,Vehicles Nearby: 345,22
38.493179,-122.777546,Vehicles Nearby: 2192,137
45.544163,-122.726626,Vehicles Nearby: 12,1
36.803197,-120.018564,Vehicles Nearby: 305,20
38.0490224,-122.1971082,Vehicles Nearby: 5285,331
40.0326086,-122.1173598,Vehicles Nearby: 12,1
37.6336527,-122.400694,Vehicles Nearby: 18559,1160
39.184728,-122.969574,Vehicles Nearby: 8,1
36.547067,-119.335641,Vehicles Nearby: 107,7
38.461425,-123.047186,Vehicles Nearby: 216,14
45.502847,-122.770212,Vehicles Nearby: 13,1
37.1024094,-122.1217967,Vehicles Nearby: 2142,134
37.943257,-122.492151,Vehicles Nearby: 7803,488
38.524077,-122.968774,Vehicles Nearby: 258,17
47.716513,-122.295829,Vehicles Nearby: 25,2
47.512527,-122.190248,Vehicles Nearby: 15,1
39.24905,-120.060428,Vehicles Nearby: 72,5
38.240419,-121.587535,Vehicles Nearby: 43,3
37.63929,-120.903049,Vehicles Nearby: 1131,71
47.63714,-122.321891,Vehicles Nearby: 65,5
47.203279,-122.567719,Vehicles Nearby: 6,1
45.61951,-122.577179,Vehicles Nearby: 8,1
38.436774,-120.857624,Vehicles Nearby: 41,3
45.482541,-122.643935,Vehicles Nearby: 14,1
47.63281,-122.288511,Vehicles Nearby: 76,5
37.2740936,-122.2852649,Vehicles Nearby: 96,6
47.678255,-122.338152,Vehicles Nearby: 61,4
45.538194,-122.600014,Vehicles Nearby: 11,1
36.597004,-121.874136,Vehicles Nearby: 2061,129
38.549422,-122.476382,Vehicles Nearby: 387,25
45.544236,-122.643468,Vehicles Nearby: 14,1
47.754413,-122.300477,Vehicles Nearby: 16,1
47.659861,-122.284977,Vehicles Nearby: 72,5
47.622542,-122.04421,Vehicles Nearby: 7,1
37.2274582,-121.7525424,Vehicles Nearby: 3085,193
34.022826,-118.2920912,Vehicles Nearby: 21239,1328
47.614533,-122.168798,Vehicles Nearby: 40,3
47.740485,-122.342826,Vehicles Nearby: 14,1
47.809708,-122.280394,Vehicles Nearby: 9,1
36.389827,-119.219896,Vehicles Nearby: 304,19
38.4672309,-123.0115548,Vehicles Nearby: 218,14
45.520562,-122.710231,Vehicles Nearby: 13,1
34.2189597,-118.230913,Vehicles Nearby: 14117,883
47.610902,-122.336422,Vehicles Nearby: 55,4
34.1770427,-119.2162359,Vehicles Nearby: 2454,154
47.555647,-122.37959,Vehicles Nearby: 30,2
34.2351727,-118.5277448,Vehicles Nearby: 17770,1111
34.1017097,-117.2888692,Vehicles Nearby: 2543,159
37.840961,-122.109502,Vehicles Nearby: 11582,724
